tim_id,type,manufacturer,mpn,cost_per_application,price_per_mm2,price_per_gram,thermal_conductivity_wmk,thickness_mm,area_mm2,description,price_thb,width_mm,length_mm,weight_g
GR-0001,Grease,SparkFun Electronics,09599,5.95,,20.54,1.17,,,Thermal Silicone Compound 5 gram Syringe,102.7,,,5.0
GR-0002,Grease,Chip Quik Inc.,TC3-1G,55.98,,193.38,8.5,,,Thermal Silicone Compound 1 gram Syringe,193.38,,,1.0
GR-0003,Grease,MG Chemicals,8615,17.58,,60.73,3.0,,,Thermal Non-Silicone Grease 3.5 gram Syringe,212.55,,,3.5
GR-0004,Grease,StarTech.com,SILVGREASE1,51.05,,176.37,1.93,,,Thermal Silicone Compound 1.5 gram Syringe,264.55,,,1.5
GR-0005,Grease,Chip Quik Inc.,TC1-10G,8.42,,29.09,0.67,,,Thermal Silicone Compound 10 gram Syringe,290.88,,,10.0
GR-0006,Grease,StarTech.com,HEATGREASE20,4.37,,15.1,1.07,,,Thermal Silicone Compound 20 gram Tube,301.93,,,20.0
GR-0007,Grease,MG Chemicals,8610-60G,1.9,,6.56,0.77,,,Thermal Non-Silicone Compound 2 oz Tube,371.93,,,56.7
GR-0008,Grease,Chip Quik,TC4-1G,109.41,,377.98,79.0,,,Thermal Interface Products Heat Sink Thermal Compound - Deep-Space Liquid Metal 79 W/mK 1g/1cc Syringe,377.98,,,1.0
GR-0009,Grease,Chip Quik Inc.,TC4-1G,113.46,,391.95,79.0,,,"Thermal Thermal Compound, Liquid Metal 1 gram Syringe",391.95,,,1.0
GR-0010,Grease,Chip Quik Inc.,TC1-20G,6.09,,21.04,0.67,,,Thermal Silicone Compound 20 gram Syringe,420.88,,,20.0
GR-0011,Grease,"Boyd Laconia, LLC",250G,2.25,,7.78,0.76,,,Thermal Silicone Compound 2 oz Tube,441.03,,,56.7
GR-0012,Grease,t-Global Technology,TG-N909-30,4.65,,16.06,9.0,,,Thermal Non-Silicone Grease 30 gram Container,481.65,,,30.0
GR-0013,Grease,Chip Quik Inc.,TC3-3.5G,40.18,,138.82,8.5,,,Thermal Silicone Compound 3.5 gram Syringe,485.88,,,3.5
GR-0014,Grease,Chemtronics,CW7270,20.85,,72.05,0.71,,,Thermal Non-Silicone Grease 7 gram Syringe,504.32,,,7.0
GR-0015,Grease,Parker Chomerics,65-00-GREASE15-0010,6.4,,22.1,1.5,,,Thermal Silicone Grease 10cc Syringe,552.5,,,25.0
GR-0016,Grease,Chip Quik,TC4-2G,82.22,,284.05,79.0,,,Thermal Interface Products Heat Sink Thermal Compound - Deep-Space Liquid Metal 79 W/mK 2g/1cc Syringe,568.1,,,2.0
GR-0017,Grease,Chip Quik Inc.,TC4-2G,83.35,,287.95,79.0,,,"Thermal Thermal Compound, Liquid Metal 2 gram Syringe",575.9,,,2.0
GR-0018,Grease,Parker Chomerics,65-00-GREASE30-0010,6.73,,23.24,3.0,,,Thermal Silicone Grease 10cc Syringe,581.1,,,25.0
GR-0019,Grease,Parker Chomerics,65-00-GREASE50-0010,7.06,,24.4,5.0,,,Thermal Silicone Grease 10cc Jar,610.03,,,25.0
GR-0020,Grease,Parker Chomerics,65-00-GREASE70-0010,7.26,,25.09,7.0,,,Thermal Silicone Grease 10cc Syringe,627.25,,,25.0
GR-0021,Grease,Parker Chomerics,65-00-CIP60-0045,1.56,,5.39,6.0,,,"Thermal Silicone Compound, 2 Part 50cc Cartridge",673.4,,,125.0
GR-0022,Grease,Chip Quik Inc.,TC2-10G,20.65,,71.34,4.3,,,Thermal Silicone Compound 10 gram Syringe,713.38,,,10.0
GR-0023,Grease,Chemtronics,CW7250,62.15,,214.69,1.85,,,Thermal Non-Silicone Grease 3.4 gram Syringe,729.95,,,3.4
GR-0024,Grease,Chip Quik Inc.,TC4-5G,43.78,,151.26,79.0,,,"Thermal Thermal Compound, Liquid Metal 5 gram Syringe",756.28,,,5.0
GR-0025,Grease,Chip Quik,TC4-5G,43.9,,151.65,79.0,,,Thermal Interface Products Heat Sink Thermal Compound - Deep-Space Liquid Metal 79 W/mK 5g/1cc Syringe,758.23,,,5.0
GR-0026,Grease,MG Chemicals,8617-85ML,1.12,,3.86,1.0,,,Thermal Non-Silicone Grease 85 ml Tube,819.87,,,212.5
GR-0027,Grease,Bergquist,GF1000-00-15-50CC,1.91,,6.61,1.0,,,"Thermal Liquid Gap Filler, 2 Part 50cc Cartridge",826.48,,,125.0
GR-0028,Grease,"Shiu Li Technology Co., Ltd.",X-PUTTY-100,2.64,,9.13,3.0,,,Thermal Silicone Putty 100 gram Cartridge,912.93,,,100.0
GR-0029,Grease,MG Chemicals,8327GF25-50CC,2.2,,7.59,2.5,,,Thermal Silicone Gap Filler 50 ml Cartridges,949.11,,,125.0
GR-0030,Grease,Parker Chomerics,65-00-GEL37-0010,11.07,,38.25,3.7,,,Thermal Silicone Gel 10cc Syringe,956.15,,,25.0
GR-0031,Grease,"Shiu Li Technology Co., Ltd.",PK223DM-110,2.65,,9.16,2.0,,,"Thermal Liquid Gap Filler, 2 Part 110 gram Cartridge",1008.15,,,110.0
GR-0032,Grease,StarTech.com,SILV5-THERMAL-PASTE,196.47,,678.72,3.2,,,Thermal Silicone Compound 1.5 gram Syringe,1018.08,,,1.5
GR-0033,Grease,Parker Chomerics,65-00-GEL35VT-0010,12.11,,41.83,3.5,,,Thermal Silicone Gel 10cc Syringe,1045.85,,,25.0
GR-0034,Grease,Chip Quik,TC4-10G,31.12,,107.51,79.0,,,Thermal Interface Products Heat Sink Thermal Compound - Deep-Space Liquid Metal 79 W/mK 10g/3cc Syringe,1075.1,,,10.0
GR-0035,Grease,Chip Quik Inc.,TC4-10G,32.14,,111.02,79.0,,,"Thermal Thermal Compound, Liquid Metal 10 gram Syringe",1110.2,,,10.0
GR-0036,Grease,Chemtronics,CT40-5,2.28,,7.89,0.63,,,Thermal Silicone Compound 5 oz Tube,1118.33,,,141.8
GR-0037,Grease,Bergquist Company,GF4500CVO-00-240-50CC,2.6,,8.98,4.5,,,"Thermal Interface Products Liquid Gap-Filling Material, 2-Part, 4.5W/m-K, 50ml Cartridge, TGF4500CVO",1121.9,,,125.0
GR-0038,Grease,Bergquist,GF1500-00-60-50CC,2.61,,9.03,1.8,,,"Thermal Liquid Gap Filler, 2 Part 50cc Cartridge",1129.05,,,125.0
GR-0039,Grease,"Shiu Li Technology Co., Ltd.",S-PUTTY-100,3.53,,12.18,3.5,,,Thermal Silicone Putty 100 gram Cartridge,1218.43,,,100.0
GR-0040,Grease,"Shiu Li Technology Co., Ltd.",N-PUTTY-100,3.54,,12.22,3.5,,,Thermal Non-Silicone Putty 100 gram Cartridge,1222.0,,,100.0
GR-0041,Grease,Chip Quik Inc.,TC3-10G,28.56,,98.67,8.5,,,Thermal Silicone Compound 5cc Syringe,1233.38,,,12.5
GR-0042,Grease,Parker Chomerics,65-00-GEL20-0010,14.76,,50.97,2.4,,,Thermal Gel Gap Filler 10cc Syringe,1274.33,,,25.0
GR-0043,Grease,"Shiu Li Technology Co., Ltd.",H-PUTTY-100,3.71,,12.83,3.5,,,Thermal Silicone Putty 100 gram Cartridge,1283.1,,,100.0
GR-0044,Grease,Wakefield Thermal Solutions,127-6-10,15.05,,51.99,6.0,,,Thermal Non-Silicone Grease 10cc Syringe,1299.68,,,25.0
GR-0045,Grease,Wakefield Thermal,127-6-10,15.35,,53.03,6.0,,,"Thermal Interface Products Thermal Grease, High Performance, Non-Silicone, 6 W/m-K, 10cc Syringe",1325.68,,,25.0
GR-0046,Grease,Chip Quik Inc.,TC2-20G,19.26,,66.54,4.3,,,Thermal Silicone Compound 20 gram Syringe,1330.88,,,20.0
GR-0047,Grease,Parker Chomerics,65-02-GREASE15-0030,5.42,,18.73,1.5,,,Thermal Silicone Grease 30cc Cartridge,1404.98,,,75.0
GR-0048,Grease,Parker Chomerics,65-02-GEL35VT-0030,5.51,,19.04,3.5,,,Thermal Silicone Gel 30cc Syringe,1428.05,,,75.0
GR-0049,Grease,Parker Chomerics,65-00-GEL50TBL-0010,16.63,,57.46,5.0,,,Thermal Silicone Gel 10cc Syringe,1436.5,,,25.0
GR-0050,Grease,MG Chemicals,8327GF41-50CC,3.36,,11.61,4.1,,,Thermal Silicone Gap Filler 50 ml Cartridges,1451.23,,,125.0
GR-0051,Grease,Parker Chomerics,65-02-GREASE30-0030,5.71,,19.71,3.0,,,Thermal Silicone Grease 30cc Cartridge,1478.43,,,75.0
GR-0052,Grease,MG Chemicals,8463-7G,62.82,,217.01,0.46,,,Thermal Silicone Grease 7 gram Syringe,1519.05,,,7.0
GR-0053,Grease,European Thermodynamics Ltd,GCS-NSP15-100ML,1.78,,6.13,1.5,,,Thermal Non-Silicone Putty 100 ml Syringe,1533.35,,,250.0
GR-0054,Grease,Parker Chomerics,65-02-GREASE50-0030,5.99,,20.69,5.0,,,Thermal Silicone Grease 30cc Cartridge,1551.88,,,75.0
GR-0055,Grease,Bergquist Company,TGF3000SF-00-1500-50CC,3.67,,12.67,3.0,,,"Thermal Interface Products Gap Filler, 2-Part, Sil-Free, Room Temp Cure, 3W/mK, 50ml Cartridge, TGF3000SF",1583.4,,,125.0
GR-0056,Grease,Parker Chomerics,65-02-GREASE70-0030,6.16,,21.27,7.0,,,Thermal Silicone Grease 30cc Cartridge,1595.43,,,75.0
GR-0057,Grease,Chip Quik Inc.,TC1-200G,2.35,,8.12,0.67,,,Thermal Silicone Compound 200 gram Jar,1623.38,,,200.0
GR-0058,Grease,t-Global Technology,TG-N8000-30,15.74,,54.38,8.0,,,Thermal Non-Silicone Putty 30 gram Jar,1631.5,,,30.0
GR-0059,Grease,"Shiu Li Technology Co., Ltd.",G3380NA-120,3.98,,13.75,1.3,,,Thermal Non-Silicone Grease 120 gram Cartridge,1649.7,,,120.0
GR-0060,Grease,Bergquist,GF3500S35-07-60-50CC,3.88,,13.4,3.6,,,"Thermal Liquid Gap Filler, 2 Part 50cc Cartridge",1674.4,,,125.0
GR-0061,Grease,t-Global Technology,TG4040-D-30CC,6.65,,22.97,3.0,,,Thermal Silicone Putty 30cc Syringe,1722.83,,,75.0
GR-0062,Grease,"Shiu Li Technology Co., Ltd.",S-PUTTY2-100,5.04,,17.41,6.0,,,Thermal Silicone Putty 100 gram Cartridge,1741.35,,,100.0
GR-0063,Grease,Bergquist,GF3500S35-00-60-50CC,4.06,,14.03,3.6,,,"Thermal Liquid Gap Filler, 2 Part 50cc Cartridge",1753.7,,,125.0
GR-0064,Grease,Parker Chomerics,65-00-GEL75VT-0010,20.32,,70.19,7.5,,,Thermal Silicone Gel 10cc Syringe,1754.68,,,25.0
GR-0065,Grease,Parker Chomerics,65-02-GEL50TBL-0030,6.79,,23.47,5.0,,,Thermal Silicone Gel 30cc Syringe,1759.88,,,75.0
GR-0066,Grease,Wakefield Thermal,GL-20-10,20.5,,70.82,3.5,,,"Thermal Interface Products ulTIMiFlux Gel, 10cc Syringe, Pink, 20g/m Flow Rate, 0.004"", 3.5w/mK",1770.6,,,25.0
GR-0067,Grease,t-Global Technology,TG-N4000-30CC,6.87,,23.72,4.0,,,Thermal Non-Silicone Putty 30cc Syringe,1779.05,,,75.0
GR-0068,Grease,Laird Technologies - Thermal Materials,A18835-01,4.13,,14.27,5.4,,,Thermal Liquid Gap Filler 50cc Cartridge,1783.93,,,125.0
GR-0069,Grease,Chip Quik Inc.,TC4-20G,26.04,,89.96,79.0,,,"Thermal Thermal Compound, Liquid Metal 20 gram Syringe",1799.2,,,20.0
GR-0070,Grease,Parker Chomerics,65-02-GEL50VT-0030,6.98,,24.1,5.2,,,Thermal Silicone Gel 30cc Syringe,1807.65,,,75.0
GR-0071,Grease,MG Chemicals,8327GL6-30ML,7.05,,24.37,6.0,,,Thermal Non-Silicone Gel 30 ml Cartridge,1827.48,,,75.0
GR-0072,Grease,"Shiu Li Technology Co., Ltd.",H-PUTTY2-100,5.31,,18.33,6.0,,,Thermal Silicone Putty 100 gram Cartridge,1833.0,,,100.0
GR-0073,Grease,Chip Quik,TC4-20G,26.74,,92.38,79.0,,,Thermal Interface Products Heat Sink Thermal Compound - Deep-Space Liquid Metal 79 W/mK 20g/3cc Syringe,1847.63,,,20.0
GR-0074,Grease,Parker Chomerics,65-02-GEL20-0030,7.15,,24.69,2.4,,,Thermal Gel Gap Filler 30cc Cartridge,1851.53,,,75.0
GR-0075,Grease,"Shiu Li Technology Co., Ltd.",X-PUTTY-100-KIT,5.61,,19.36,3.0,,,Thermal Silicone Putty 100 gram Cartridge,1936.35,,,100.0
GR-0076,Grease,Laird Technologies - Thermal Materials,A17170-01,2.99,,10.35,3.7,,,Thermal Silicone Compound 75cc Cartridge,1939.93,,,187.5
GR-0077,Grease,Parker Chomerics,65-00-GEL75-0010,22.96,,79.31,7.5,,,Thermal Silicone Gel 10cc Syringe,1982.83,,,25.0
GR-0078,Grease,"Shiu Li Technology Co., Ltd.",G3380D-100,6.0,,20.73,6.0,,,Thermal Silicone Grease 100 gram Cartridge,2072.7,,,100.0
GR-0079,Grease,"Shiu Li Technology Co., Ltd.",EPDM20-135,4.81,,16.62,2.2,,,"Thermal Liquid Gap Filler, 2 Part 50 ml Cartridges",2077.4,,,125.0
GR-0080,Grease,"Shiu Li Technology Co., Ltd.",N-PUTTY2-100,6.19,,21.38,5.0,,,Thermal Non-Silicone Putty 100 gram Cartridge,2138.5,,,100.0
GR-0081,Grease,Chemtronics,CW7100,98.45,,340.1,5.6,,,Thermal Silicone Grease 6.5 gram Syringe,2210.65,,,6.5
GR-0082,Grease,"Shiu Li Technology Co., Ltd.",PK223DM-110-KIT,5.84,,20.16,2.0,,,"Thermal Liquid Gap Filler, 2 Part 110 gram Cartridge",2218.13,,,110.0
GR-0083,Grease,European Thermodynamics Ltd,GCS-018-GS-WE-1KG,0.64,,2.23,1.8,,,Thermal Silicone Grease 1 kg Container,2227.23,,,1000.0
GR-0084,Grease,Wakefield Thermal,GL-08-10,25.84,,89.27,2.4,,,"Thermal Interface Products ulTIMiFlux Gel, 10cc Syringe, Yellow, 8g/m Flow Rate, 0.015"", 2.4w/mK",2231.78,,,25.0
GR-0085,Grease,"Shiu Li Technology Co., Ltd.",S-PUTTY-100-KIT,6.49,,22.42,3.5,,,Thermal Silicone Putty 100 gram Cartridge,2241.85,,,100.0
GR-0086,Grease,"Shiu Li Technology Co., Ltd.",N-PUTTY-100-KIT,6.5,,22.45,3.5,,,Thermal Non-Silicone Putty 100 gram Cartridge,2245.43,,,100.0
GR-0087,Grease,"Shiu Li Technology Co., Ltd.",PK404DM-150,4.42,,15.28,3.6,,,"Thermal Liquid Gap Filler, 2 Part 150 gram Cartridge",2291.25,,,150.0
GR-0088,Grease,"Shiu Li Technology Co., Ltd.",H-PUTTY-100-KIT,6.68,,23.07,3.5,,,Thermal Silicone Putty 100 gram Cartridge,2306.85,,,100.0
GR-0089,Grease,Parker Chomerics,65-02-GEL75VT-0030,9.06,,31.29,7.5,,,Thermal Silicone Gel 30cc Cartridge,2346.83,,,75.0
GR-0090,Grease,"Shiu Li Technology Co., Ltd.",G3380NC-100,6.81,,23.52,4.5,,,Thermal Non-Silicone Grease 100 gram Cartridge,2352.35,,,100.0
GR-0091,Grease,Parker Chomerics,65-00-CIP60-0200,1.42,,4.89,6.0,,,"Thermal Silicone Compound, 2 Part 200cc Cartridge",2445.3,,,500.0
GR-0092,Grease,MG Chemicals,8617-1P,0.61,,2.1,1.0,,,Thermal Non-Silicone Grease 473 ml Jar,2477.8,,,1182.5
GR-0093,Grease,Bergquist,2456616,5.82,,20.12,3.5,,,"Thermal Liquid Gap Filler, 2 Part 50cc Cartridge",2515.08,,,125.0
GR-0094,Grease,"Shiu Li Technology Co., Ltd.",SH-PUTTY3-100,7.53,,26.0,8.0,,,Thermal Silicone Putty 100 gram Cartridge,2600.0,,,100.0
GR-0095,Grease,Parker Chomerics,65-02-GEL75-0030,10.24,,35.36,7.5,,,Thermal Silicone Gel 30cc Syringe,2652.33,,,75.0
GR-0096,Grease,Laird Technologies - Thermal Materials,A16872-02,4.2,,14.52,2.3,,,Thermal Liquid Gap Filler 75cc Cartridge,2723.18,,,187.5
GR-0097,Grease,MG Chemicals,8327GL3-180ML,1.77,,6.12,3.5,,,Thermal Non-Silicone Gel 180 ml Cartridge,2755.68,,,450.0
GR-0098,Grease,"Shiu Li Technology Co., Ltd.",S-PUTTY2-100-KIT,8.0,,27.65,6.0,,,Thermal Silicone Putty 100 gram Cartridge,2765.1,,,100.0
GR-0099,Grease,"Shiu Li Technology Co., Ltd.",H-PUTTY2-100-KIT,8.27,,28.56,6.0,,,Thermal Silicone Putty 100 gram Cartridge,2856.43,,,100.0
GR-0100,Grease,"Shiu Li Technology Co., Ltd.",G3380NA-120-KIT,6.9,,23.83,1.3,,,Thermal Non-Silicone Grease 120 gram Cartridge,2859.68,,,120.0
GR-0101,Grease,"Shiu Li Technology Co., Ltd.",EPDM30-135,6.93,,23.95,3.0,,,"Thermal Liquid Gap Filler, 2 Part 50 ml Cartridges",2993.9,,,125.0
GR-0102,Grease,Bergquist Company,LF2000-00-00-30CC,11.74,,40.55,2.0,,,"Thermal Interface Products 1-Part, Liquid Formable Material, 30CC Cartridge, 2 W/m-K, Liqui-Form",3041.03,,,75.0
GR-0103,Grease,t-Global Technology,TG-N4000-55CC,6.41,,22.14,4.0,,,Thermal Non-Silicone Putty 55cc Syringe,3043.95,,,137.5
GR-0104,Grease,Laird Technologies - Thermal Materials,A17170-02,1.97,,6.79,3.7,,,Thermal Silicone Compound 180cc Cartridge,3057.28,,,450.0
GR-0105,Grease,t-Global Technology,TG-A7000-55CC,7.09,,24.5,7.0,,,Thermal Silicone Putty 50cc Syringe,3062.8,,,125.0
GR-0106,Grease,European Thermodynamics Ltd,GCS-NSP30-100ML,3.55,,12.26,3.0,,,Thermal Non-Silicone Putty 100 ml Syringe,3065.73,,,250.0
GR-0107,Grease,t-Global Technology,TG-N8000-30CC,11.91,,41.13,8.0,,,Thermal Non-Silicone Putty 30cc Syringe,3084.9,,,75.0
GR-0108,Grease,"Shiu Li Technology Co., Ltd.",N-PUTTY2-100-KIT,9.15,,31.62,5.0,,,Thermal Non-Silicone Putty 100 gram Cartridge,3161.93,,,100.0
GR-0109,Grease,Chip Quik Inc.,TC2-50G,18.81,,64.97,4.3,,,Thermal Silicone Compound 50 gram Jar,3248.38,,,50.0
GR-0110,Grease,MG Chemicals,8618-85ML,4.44,,15.34,6.0,,,Thermal Non-Silicone Grease 85 ml Syringe,3260.4,,,212.5
GR-0111,Grease,"Shiu Li Technology Co., Ltd.",EPDM20-135-KIT,7.61,,26.3,2.2,,,"Thermal Liquid Gap Filler, 2 Part 50 ml Cartridges",3287.38,,,125.0
GR-0112,Grease,European Thermodynamics Ltd,GCS-NSP75 - 50ML,7.67,,26.51,7.5,,,Thermal Non-Silicone Putty 50 ml Syringe,3313.7,,,125.0
GR-0113,Grease,"Shiu Li Technology Co., Ltd.",G3380D-100-KIT,9.69,,33.48,6.0,,,Thermal Silicone Grease 100 gram Cartridge,3348.15,,,100.0
GR-0114,Grease,Bergquist,2292097,8.0,,27.65,3.5,,,"Thermal Silicone Compound, 2 Part 50cc Cartridge",3455.96,,,125.0
GR-0115,Grease,"Shiu Li Technology Co., Ltd.",PK404DM-150-KIT,6.76,,23.34,3.6,,,"Thermal Liquid Gap Filler, 2 Part 150 gram Cartridge",3500.9,,,150.0
GR-0116,Grease,"Shiu Li Technology Co., Ltd.",S-PUTTY5-100,13.64,,47.13,10.0,,,Thermal Silicone Putty 30cc Tube,3534.38,,,75.0
GR-0117,Grease,"Shiu Li Technology Co., Ltd.",G3380NC-100-KIT,10.31,,35.62,4.5,,,Thermal Non-Silicone Grease 100 gram Cartridge,3562.0,,,100.0
GR-0118,Grease,"Shiu Li Technology Co., Ltd.",D2000-140,7.52,,25.97,2.0,,,"Thermal Silicone Grease, 2 Part 140 gram Cartridge",3635.45,,,140.0
GR-0119,Grease,"Shiu Li Technology Co., Ltd.",SH-PUTTY3-100-KIT,10.68,,36.89,8.0,,,Thermal Silicone Putty 100 gram Cartridge,3688.75,,,100.0
GR-0120,Grease,Bergquist,2167388,8.81,,30.44,3.5,,,"Thermal Silicone Compound, 2 Part 50cc Cartridge",3805.19,,,125.0
GR-0121,Grease,Laird Technologies - Thermal Materials,A17262-01,8.82,,30.48,6.4,,,Thermal Silicone Gap Filler 50cc Cartridge,3810.3,,,125.0
GR-0122,Grease,t-Global Technology,TG-N8000-55CC,8.37,,28.93,8.0,,,Thermal Non-Silicone Putty 55cc Syringe,3978.0,,,137.5
GR-0123,Grease,"Shiu Li Technology Co., Ltd.",PK605DM-160,7.52,,25.97,5.0,,,"Thermal Liquid Gap Filler, 2 Part 160 gram Cartridge",4154.8,,,160.0
GR-0124,Grease,Bergquist,2179547,9.68,,33.44,3.5,,,"Thermal Silicone Compound, 2 Part 50cc Cartridge",4180.53,,,125.0
GR-0125,Grease,"Shiu Li Technology Co., Ltd.",EPDM30-135-KIT,9.74,,33.63,3.0,,,"Thermal Liquid Gap Filler, 2 Part 50 ml Cartridges",4203.88,,,125.0
GR-0126,Grease,"Shiu Li Technology Co., Ltd.",S-PUTTY5-100-KIT,16.28,,56.23,10.0,,,Thermal Silicone Putty 30cc Tube,4216.88,,,75.0
GR-0127,Grease,Laird Technologies - Thermal Materials,A16872-03,2.74,,9.47,2.3,,,Thermal Liquid Gap Filler 180cc Cartridge,4261.4,,,450.0
GR-0128,Grease,Parker Chomerics,65-00-GREASE15-0160,3.13,,10.81,1.5,,,Thermal Silicone Grease 160cc Container,4322.5,,,400.0
GR-0129,Grease,"Shiu Li Technology Co., Ltd.",TT3000-150,8.4,,29.02,6.0,,,Thermal Silicone Grease 150 gram Cartridge,4353.38,,,150.0
GR-0130,Grease,Taica,DP-100,17.06,,58.92,6.5,,,"Thermal Interface Products Thermal Conductive GEL, 6.5W/mK, 5.0kV/mm, 30ml Syringe, Lamda Gel DP",4419.35,,,75.0
GR-0131,Grease,Bergquist Company,LF3500-00-00-30CC,17.26,,59.64,3.5,,,"Thermal Interface Products 1-Part, Liquid Formable Material, 30CC Cartridge, 3.5 W/m-K, Liqui-Form",4472.65,,,75.0
GR-0132,Grease,Wakefield Thermal Solutions,127-12-10,1307.58,,4517.18,12.0,,,Thermal Non-Silicone Grease 1 gram Syringe,4517.18,,,1.0
GR-0133,Grease,Wakefield Thermal,127-12-10,52.3,,180.69,12.0,,,"Thermal Interface Products Thermal Grease, Extreme Performance, Non-Silicone, 12 W/m-K, 10cc Syringe",4517.18,,,25.0
GR-0134,Grease,Parker Chomerics,65-00-GREASE30-0160,3.29,,11.37,3.0,,,Thermal Silicone Grease 160cc Container,4549.03,,,400.0
GR-0135,Grease,Wakefield Thermal Solutions,127-20-10,1362.89,,4708.28,20.0,,,Thermal Non-Silicone Grease 1 gram Syringe,4708.28,,,1.0
GR-0136,Grease,Wakefield Thermal,127-20-10,54.52,,188.33,20.0,,,"Thermal Interface Products Thermal Grease, Extreme Performance, Non-Silicone, 20 W/m-K, 10cc Syringe",4708.28,,,25.0
GR-0137,Grease,Parker Chomerics,65-00-GREASE50-0160,3.45,,11.94,5.0,,,Thermal Silicone Grease 160cc Container,4774.25,,,400.0
GR-0138,Grease,Laird Technologies,A14855-02,1.38,,4.78,1.2,,,Thermal Interface Products Tgrease 1500 1kg 1.2 W/mK,4779.78,,,1000.0
GR-0139,Grease,Laird Technologies - Thermal Materials,A18560-09,18.48,,63.86,9.1,,,Thermal Liquid Gap Filler 30cc Cartridge,4789.2,,,75.0
GR-0140,Grease,Laird Technologies - Thermal Materials,A18835-02,2.79,,9.63,5.4,,,Thermal Liquid Gap Filler 200cc Cartridge,4816.83,,,500.0
GR-0141,Grease,"Shiu Li Technology Co., Ltd.",D2000-140-KIT,10.02,,34.61,2.0,,,"Thermal Silicone Grease, 2 Part 140 gram Cartridge",4845.43,,,140.0
GR-0142,Grease,Parker Chomerics,65-00-GREASE70-0160,3.55,,12.27,7.0,,,Thermal Silicone Grease 160cc Container,4909.45,,,400.0
GR-0143,Grease,Laird Technologies - Thermal Materials,A10548-5,5.92,,20.45,3.0,,,Thermal Silicone Putty 100cc Jar,5112.25,,,250.0
GR-0144,Grease,Bergquist Company,TLF6000HG-00-00-150CC,3.35,,11.57,6.0,,,"Thermal Interface Products Conductive, 1-Part, Liquid Formable, 180ml Cartridge, 6 W/m-K, Liqui-Form",5204.55,,,450.0
GR-0145,Grease,Parker Chomerics,65-01-GEL37-0180,3.37,,11.63,3.7,,,Thermal Silicone Gel 180cc Syringe,5235.43,,,450.0
GR-0146,Grease,Bergquist Company,TGF3000SF-00-1500-200CC,3.03,,10.48,3.0,,,"Thermal Interface Products Gap Filler, 2-Part, Sil-Free, Room Temp Cure, 3W/mK, 200ml Cartridge, TGF3000SF",5239.98,,,500.0
GR-0147,Grease,"Shiu Li Technology Co., Ltd.",PK605DM-160-KIT,9.71,,33.53,5.0,,,"Thermal Liquid Gap Filler, 2 Part 160 gram Cartridge",5364.45,,,160.0
GR-0148,Grease,Bergquist Company,GF4500CVO-00-240-200CC,3.14,,10.85,4.5,,,"Thermal Interface Products Liquid Gap-Filling Material, 2-Part, 4.5W/m-K, 200ml Cartridge, TGF4500CVO",5424.58,,,500.0
GR-0149,Grease,Bergquist,2624519,4.26,,14.71,6.0,,,Thermal Silicone Gel 150cc Cartridge,5516.23,,,375.0
GR-0150,Grease,Bergquist Company,GF4500CVO-00-240-400CC,1.72,,5.93,4.5,,,"Thermal Interface Products Liquid Gap-Filling Material, 2-Part, 4.5W/m-K, 400ml Cartridge, TGF4500CVO",5928.0,,,1000.0
GR-0151,Grease,Parker Chomerics,65-02-GEL20-0180,4.24,,14.66,2.4,,,Thermal Gel Gap Filler 180cc Cartridge,6594.9,,,450.0
GR-0152,Grease,"Shiu Li Technology Co., Ltd.",X-PUTTY-900,2.15,,7.43,3.0,,,Thermal Silicone Putty 900 gram Container,6682.65,,,900.0
GR-0153,Grease,Laird Technologies - Thermal Materials,A16872-04,2.2,,7.59,2.3,,,Thermal Liquid Gap Filler 360cc Cartridge,6831.83,,,900.0
GR-0154,Grease,Parker Chomerics,65-02-GEL50VT-0180,4.57,,15.8,5.2,,,Thermal Silicone Gel 180cc Syringe,7108.73,,,450.0
GR-0155,Grease,"Shiu Li Technology Co., Ltd.",PK700DM-140,17.33,,59.88,7.0,,,"Thermal Liquid Gap Filler, 2 Part 50 ml, 400 ml Cartridges",7484.75,,,125.0
GR-0156,Grease,Laird Technologies - Thermal Materials,A18578-08,11.71,,40.44,9.1,,,Thermal Liquid Gap Filler 75cc Cartridge,7582.25,,,187.5
GR-0157,Grease,Parker Chomerics,65-02-GEL75VT-0180,5.13,,17.73,7.5,,,Thermal Silicone Gel 180cc Cartridge,7977.13,,,450.0
GR-0158,Grease,Laird Technologies - Thermal Materials,A17064-00,2.41,,8.31,1.5,,,Thermal Phase Change Thermal Compound 1 kg Can,8310.82,,,1000.0
GR-0159,Grease,Laird Technologies - Thermal Materials,A18835-03,2.43,,8.38,5.4,,,Thermal Liquid Gap Filler 400cc Cartridge,8384.68,,,1000.0
GR-0160,Grease,"Shiu Li Technology Co., Ltd.",PK700DM-140-KIT,20.13,,69.56,7.0,,,"Thermal Liquid Gap Filler, 2 Part 50 ml, 400 ml Cartridges",8694.4,,,125.0
GR-0161,Grease,European Thermodynamics Ltd,GCS-040-GNS-1KG,2.55,,8.8,4.0,,,Thermal Non-Silicone Grease 1 kg Container,8798.08,,,1000.0
GR-0162,Grease,Bergquist,GF3500S35-00-60-400CC,2.57,,8.86,3.6,,,"Thermal Liquid Gap Filler, 2 Part 400cc Cartridge",8861.13,,,1000.0
GR-0163,Grease,t-Global Technology,TG4040-D-1000,2.71,,9.37,3.0,,,Thermal Silicone Putty 1 kg Container,9373.33,,,1000.0
GR-0164,Grease,"Shiu Li Technology Co., Ltd.",S-PUTTY-950,2.97,,10.25,3.5,,,Thermal Silicone Putty 950 gram Container,9737.65,,,950.0
GR-0165,Grease,"Shiu Li Technology Co., Ltd.",H-PUTTY-950,3.13,,10.81,3.5,,,Thermal Silicone Putty 950 gram Container,10272.6,,,950.0
GR-0166,Grease,Bergquist Company,TGF3000SF-00-1500-400CC,2.99,,10.32,3.0,,,"Thermal Interface Products Gap Filler, 2-Part, Sil-Free, Room Temp Cure, 3W/mK, 400ml Cartridge, TGF3000SF",10324.6,,,1000.0
GR-0167,Grease,Bergquist,2761872,2.99,,10.34,3.0,,,"Thermal Liquid Gap Filler, 2 Part 400cc Cartridge",10337.6,,,1000.0
GR-0168,Grease,Laird Technologies,A14259-01,3.01,,10.4,3.8,,,Thermal Interface Products Tgrease 2500 1kg 3.8W/mK Sil Free,10396.75,,,1000.0
GR-0169,Grease,Parker Chomerics,65-00-GEL20-0300,4.06,,14.03,2.4,,,Thermal Gel Gap Filler 300cc Cartridge,10526.1,,,750.0
GR-0170,Grease,Bergquist Company,TLF10000L150CC,8.63,,29.8,10.0,,,"Thermal Interface Products Thermally Conductive Gel Interface Material, 10 W/m-K, 150ml Cartridge",11175.13,,,375.0
GR-0171,Grease,Parker Chomerics,65-00-GEL50VT-0300,4.55,,15.72,5.2,,,Thermal Silicone Gel 300cc Syringe,11792.3,,,750.0
GR-0172,Grease,t-Global Technology,TG-N4000-330CC,4.27,,14.74,4.0,,,Thermal Non-Silicone Putty 330cc Syringe,12160.85,,,825.0
GR-0173,Grease,t-Global Technology,TG-N4000-1000,3.52,,12.16,4.0,,,Thermal Non-Silicone Putty 1 kg Jar,12160.85,,,1000.0
GR-0174,Grease,t-Global Technology,TG6060-D-1000,3.77,,13.01,6.3,,,Thermal Silicone Putty 1 kg Container,13010.08,,,1000.0
GR-0175,Grease,t-Global Technology,TG-N909-1000,3.79,,13.11,9.0,,,Thermal Non-Silicone Grease 1 kg Container,13106.28,,,1000.0
GR-0176,Grease,t-Global Technology,TG-A7000-1000,3.9,,13.48,7.0,,,Thermal Silicone Putty 1 kg Container,13479.7,,,1000.0
GR-0177,Grease,t-Global Technology,TG-A7000-330CC,4.73,,16.34,7.0,,,Thermal Silicone Putty 330cc Syringe,13480.03,,,825.0
GR-0178,Grease,"Shiu Li Technology Co., Ltd.",S-PUTTY2-985,4.1,,14.15,6.0,,,Thermal Silicone Putty 985 gram Container,13938.6,,,985.0
GR-0179,Grease,Bergquist Company,TGF 2900LVO-00-400CC,4.11,,14.19,2.9,,,"Thermal Interface Products Gap Filler, 2-Part, 2.9 W/m-K, Silicone, 400CC Cartridge, IDH 2859942",14193.4,,,1000.0
GR-0180,Grease,"Shiu Li Technology Co., Ltd.",H-PUTTY2-1000,4.24,,14.66,6.0,,,Thermal Silicone Putty 1 kg Container,14664.0,,,1000.0
GR-0181,Grease,t-Global Technology,TG-N8000-330CC,5.37,,18.54,8.0,,,Thermal Non-Silicone Putty 330cc Syringe,15291.9,,,825.0
GR-0182,Grease,t-Global Technology,TG-N8000-1000,4.43,,15.29,8.0,,,Thermal Non-Silicone Putty 1 kg Jar,15291.9,,,1000.0
GR-0183,Grease,Laird Technologies - Thermal Materials,A18578-02,10.68,,36.89,9.1,,,Thermal Liquid Gap Filler 180cc Cartridge,16599.05,,,450.0
GR-0184,Grease,Bergquist Company,TGF3000SF-00-1500-1200CC,2.03,,7.0,3.0,,,"Thermal Interface Products Gap Filler, 2-Part, Sil-Free, Room Temp Cure, 3W/mK, 1200ml Cartridge, TGF3000SF",21012.88,,,3000.0
GR-0185,Grease,Laird Technologies,A14855-01,0.91,,3.14,1.2,,,Thermal Interface Products Tgrease 1500 7kg can 1.2 W/mK,21990.48,,,7000.0
GR-0186,Grease,Bergquist Company,GF4500CVO-00-240-1200CC,2.71,,9.36,4.5,,,"Thermal Interface Products Liquid Gap-Filling Material, 2-Part, 4.5W/m-K, 1200ml Cartridge, TGF4500CVO",28076.43,,,3000.0
GR-0187,Grease,Bergquist Company,TLF6000HG-00-00-0.7G,15691.74,,54209.03,6.0,,,"Thermal Interface Products Conductive, 1-Part, Liquid Formable, 1 Gallon Pail, 6 W/m-K, Liqui-Form",54209.03,,,1.0
GR-0188,Grease,Bergquist Company,2580287,26440.03,,91340.28,6.0,,,"Thermal Interface Products Conductive, 1-Part, Liquid Formable, 1 Gallon, 6.0 W/m-K, Liqui-Form TLF 6000HG",91340.28,,,1.0
GR-0189,Grease,Bergquist Company,2956733,12474.78,,43095.65,4.5,,,"Thermal Interface Products Liquid Gap-Filling Material, 2-Part, 4.5W/m-K, 5 Gallon Hobbock/Pail, TGF4500CVO",215478.25,,,5.0
GR-0190,Grease,Bergquist Company,GF4500CVO-00-240-6G,10395.65,,35913.04,4.5,,,"Thermal Interface Products Liquid Gap-Filling Material, 2-Part, 4.5W/m-K, 6 Gallon Pail Kit, TGF4500CVO",215478.25,,,6.0
GR-0191,Grease,Bergquist Company,LF3500-00-00-4.33G,16815.24,,58090.27,3.5,,,"Thermal Interface Products 1-Part, Liquid Formable Material, 4.33 Gallon Pail, 3.5 W/m-K, Liqui-Form",249788.18,,,4.3
OT-0001,Other,MG Chemicals,9460TC-3ML,32.15,,111.06,0.8,,,Thermal Epoxy Adhesive 3 ml Syringe,832.98,,,7.5
OT-0002,Other,MG Chemicals,8329TCS-6ML,22.09,,76.31,1.4,,,"Thermal Epoxy, 2 Part 6 ml Syringe",1144.65,,,15.0
OT-0003,Other,MG Chemicals,8349TFM-25ML,7.43,,25.67,0.9,,,"Thermal Epoxy, 2 Part 25 ml Syringe",1604.53,,,62.5
OT-0004,Other,MG Chemicals,8329TFS-25ML,7.53,,26.02,1.2,,,"Thermal Epoxy, 2 Part 25 ml Syringe",1625.98,,,62.5
OT-0005,Other,MG Chemicals,8349TFM-50ML,5.33,,18.42,0.9,,,"Thermal Epoxy, 2 Part 50 ml Cartridges",2301.98,,,125.0
OT-0006,Other,MG Chemicals,8329TFS-50ML,5.97,,20.61,1.2,,,"Thermal Epoxy, 2 Part 45 ml Cartridge",2318.88,,,112.5
OT-0007,Other,MG Chemicals,8329TCS-50ML,5.59,,19.29,1.4,,,"Thermal Epoxy, 2 Part 50 ml Jar",2411.83,,,125.0
OT-0008,Other,MG Chemicals,8349TFM-45ML,7.35,,25.39,0.9,,,"Thermal Epoxy, 2 Part 45 ml Jar",2856.43,,,112.5
OT-0009,Other,LeaderTech,TGF35-07870787-020,27.66,,95.55,3.5,,,Thermal Interface Products 3.5W/m-K 200*200*0.5 TGF35 Green,3344.25,,,35.0
OT-0010,Other,LeaderTech,TGF35-07870787-039,27.66,,95.55,3.5,,,Thermal Interface Products 3.5W/m-K 200*200*1 TGF35 Green,3344.25,,,35.0
OT-0011,Other,Bergquist,2193454,9.02,,31.15,1.8,,,"Thermal Epoxy, 2 Part 50cc Cartridge",3893.87,,,125.0
OT-0012,Other,"Shiu Li Technology Co., Ltd.",EP770-1100,1.15,,3.97,2.5,,,"Thermal Epoxy, 2 Part 1 kg Can",3971.5,,,1000.0
OT-0013,Other,MG Chemicals,8329TCM-200ML,2.44,,8.43,1.4,,,"Thermal Epoxy, 2 Part 200 ml Jar",4215.09,,,500.0
OT-0014,Other,MG Chemicals,8329TCS-200ML,2.44,,8.43,1.4,,,"Thermal Epoxy, 2 Part 200 ml Jar",4215.09,,,500.0
OT-0015,Other,Bergquist,2194122,10.01,,34.58,1.8,,,"Thermal Epoxy, 2 Part 50cc Cartridge",4322.61,,,125.0
OT-0016,Other,LOCTITE,1188099,1.07,,3.7,1.34,,,"Thermal Epoxy, 2 Part (Order Catalyst Separately) 3 lb Container",5036.53,,,1360.8
OT-0017,Other,LeaderTech,TGF60-07870787-039,35.08,,121.18,6.0,,,Thermal Interface Products 6W/m-K 200*200*1 TGF60 Gray,7270.9,,,60.0
OT-0018,Other,LOCTITE,1188134,1.57,,5.42,2.78,,,"Thermal Epoxy, 2 Part (Order Catalyst Separately) 3 lb Container",7377.83,,,1360.8
OT-0019,Other,LeaderTech,TGF60-07870787-020,48.58,,167.84,6.0,,,Thermal Interface Products 6W/m-K 200*200*0.5 TGF60 Gray,10070.13,,,60.0
OT-0020,Other,LOCTITE,1188135,0.47,,1.62,2.78,,,"Thermal Epoxy, 2 Part (Order Catalyst Separately) 20 lb Container",14655.55,,,9072.0
OT-0021,Other,Bergquist Company,TGF3000SF-00-1500-7GAL,12622.86,,43607.2,3.0,,,"Thermal Interface Products Gap Filler, 2-Part, Sil-Free, Room Temp Cure, 3W/mK, 7 Gallon Pail, TGF3000SF",305250.4,,,7.0
TP-0001,Thermal Pad,t-Global Technology,TG-A1250-5-5-1.0,133.8,0.13,,12.5,1.0,25.0,Thermal Pad Green 5.00mm x 5.00mm Square,3.25,5.0,5.0,
TP-0002,Thermal Pad,t-Global Technology,TG-A2200-5-5-2.0,133.8,0.13,,2.2,2.01,25.0,Thermal Pad Gray 5.00mm x 5.00mm Square Tacky - One Side,3.25,5.0,5.0,
TP-0003,Thermal Pad,t-Global Technology,TG-A6200-7.2-6.3-1.0,73.74,0.0716,,6.2,1.0,45.36,Thermal Pad Blue 7.20mm x 6.30mm Rectangular Tacky - Both Sides,3.25,7.2,6.3,
TP-0004,Thermal Pad,t-Global Technology,TG-A2200-10-10-1.0,33.45,0.0325,,2.2,1.0,100.0,Thermal Pad Gray 10.00mm x 10.00mm Square Tacky - One Side,3.25,10.0,10.0,
TP-0005,Thermal Pad,t-Global Technology,TG-A4500-10-10-0.5,33.45,0.0325,,4.5,0.5,100.0,Thermal Pad Purple 10.00mm x 10.00mm Square Tacky - Both Sides,3.25,10.0,10.0,
TP-0006,Thermal Pad,t-Global Technology,TG-A6200-5-5-1.0,133.8,0.13,,6.2,1.0,25.0,Thermal Pad Blue 5.00mm x 5.00mm Square Tacky - Both Sides,3.25,5.0,5.0,
TP-0007,Thermal Pad,t-Global Technology,TG-A2200-10-10-1.5,36.85,0.0358,,2.2,1.5,100.0,Thermal Pad Gray 10.00mm x 10.00mm Square Tacky - One Side,3.58,10.0,10.0,
TP-0008,Thermal Pad,t-Global Technology,TG-A6200-10-10-0.5,40.14,0.039,,6.2,0.5,100.0,Thermal Pad Blue 10.00mm x 10.00mm Square Tacky - Both Sides,3.9,10.0,10.0,
TP-0009,Thermal Pad,t-Global Technology,TG-A2200-10-10-2.0,43.54,0.0423,,2.2,2.01,100.0,Thermal Pad Gray 10.00mm x 10.00mm Square Tacky - One Side,4.23,10.0,10.0,
TP-0010,Thermal Pad,t-Global Technology,TG-ALC-15-15-0.2-0,19.35,0.0188,,4.2,0.2,225.0,Thermal Pad Green 15.00mm x 15.00mm Square Tacky - Both Sides,4.23,15.0,15.0,
TP-0011,Thermal Pad,t-Global Technology,TG-A3500-10-10-2.0,43.54,0.0423,,3.5,2.01,100.0,Thermal Pad Yellow 10.00mm x 10.00mm Square Tacky - Both Sides,4.23,10.0,10.0,
TP-0012,Thermal Pad,Bergquist,SPK4-0.006-00-58,19.36,0.0188,,0.9,0.15,241.94,Thermal Pad Gray 19.05mm x 12.70mm Rectangular,4.55,19.05,12.7,
TP-0013,Thermal Pad,t-Global Technology,T62-1-15-15-0.16,20.81,0.0202,,15.0,0.16,225.0,Thermal Pad Black 15.00mm x 15.00mm Square Adhesive - One Side,4.55,15.0,15.0,
TP-0014,Thermal Pad,t-Global Technology,DC0011/08-TG-A373F-0.25-2A,20.76,0.0202,,1.4,0.25,241.94,Thermal Pad Yellow 19.05mm x 12.70mm Rectangular Adhesive - Both Sides,4.88,19.05,12.7,
TP-0015,Thermal Pad,Bergquist,Q3-0.005-00-104,11.06,0.0107,,2.0,0.13,483.87,Thermal Pad Black 25.40mm x 19.05mm Rectangular,5.2,25.4,19.05,
TP-0016,Thermal Pad,t-Global Technology,TG-A6200-10-5-2.0,107.04,0.104,,6.2,2.01,50.0,Thermal Pad Blue 10.00mm x 5.00mm Rectangular Tacky - Both Sides,5.2,10.0,5.0,
TP-0017,Thermal Pad,Bergquist,Q3-0.005-00-51,22.86,0.0222,,2.0,0.13,249.01,Thermal Pad Black 17.45mm x 14.27mm Rectangular,5.53,17.45,14.27,
TP-0018,Thermal Pad,t-Global Technology,TG-A3500-10-10-3.0,60.21,0.0585,,3.5,3.0,100.0,Thermal Pad Yellow 10.00mm x 10.00mm Square Tacky - Both Sides,5.85,10.0,10.0,
TP-0019,Thermal Pad,t-Global Technology,TG-A6200-10-10-1.0,60.21,0.0585,,6.2,1.0,100.0,Thermal Pad Blue 10.00mm x 10.00mm Square Tacky - Both Sides,5.85,10.0,10.0,
TP-0020,Thermal Pad,Bergquist,SP600-90,16.29,0.0158,,1.0,0.23,410.59,Thermal Pad Green 21.84mm x 18.80mm Rectangular,6.5,21.84,18.8,
TP-0021,Thermal Pad,t-Global Technology,TG-A1250-10-10-0.5,66.9,0.065,,12.5,0.5,100.0,Thermal Pad Green 10.00mm x 10.00mm Square,6.5,10.0,10.0,
TP-0022,Thermal Pad,t-Global Technology,TG-A2200-15-15-1.0,29.73,0.0289,,2.2,1.0,225.0,Thermal Pad Gray 15.00mm x 15.00mm Square Tacky - One Side,6.5,15.0,15.0,
TP-0023,Thermal Pad,t-Global Technology,TG-A4500-10-10-2.0,66.9,0.065,,4.5,2.01,100.0,Thermal Pad Purple 10.00mm x 10.00mm Square Tacky - Both Sides,6.5,10.0,10.0,
TP-0024,Thermal Pad,Bergquist,SP400-0.009-00-58,29.06,0.0282,,0.9,0.23,241.94,Thermal Pad Gray 19.05mm x 12.70mm Rectangular,6.83,19.05,12.7,
TP-0025,Thermal Pad,Bergquist,SP400-0.009-00-54,29.06,0.0282,,0.9,0.23,241.94,Thermal Pad Gray 19.05mm x 12.70mm Rectangular,6.83,19.05,12.7,
TP-0026,Thermal Pad,Bergquist,SP400-0.007-00-54,30.42,0.0296,,0.9,0.18,241.94,Thermal Pad Gray 19.05mm x 12.70mm Rectangular,7.15,19.05,12.7,
TP-0027,Thermal Pad,t-Global Technology,TG-A6200-11-11-1.0,60.82,0.0591,,6.2,1.0,121.0,Thermal Pad Blue 11.00mm x 11.00mm Square Tacky - Both Sides,7.15,11.0,11.0,
TP-0028,Thermal Pad,t-Global Technology,TG-A3500-10-10-4.0,73.59,0.0715,,3.5,3.99,100.0,Thermal Pad Yellow 10.00mm x 10.00mm Square Tacky - Both Sides,7.15,10.0,10.0,
TP-0029,Thermal Pad,t-Global Technology,LI98-28-28-0.25,9.39,0.0091,,1.0,0.25,784.0,Thermal Pad White 28.00mm x 28.00mm Square Adhesive - Both Sides,7.15,28.0,28.0,
TP-0030,Thermal Pad,t-Global Technology,TG-T1000-10-10-0.25-5PT,73.59,0.0715,,1.0,0.25,100.0,Thermal Pad White 10.00mm x 10.00mm Square Adhesive - Both Sides,7.15,10.0,10.0,
TP-0031,Thermal Pad,Bergquist,SP400-0.007-AC-54,31.82,0.0309,,0.9,0.18,241.94,Thermal Pad Gray 19.05mm x 12.70mm Rectangular Adhesive - One Side,7.48,19.05,12.7,
TP-0032,Thermal Pad,t-Global Technology,TG-A9000-10-10-1.0,76.99,0.0748,,9.0,1.0,100.0,Thermal Pad Pink 10.00mm x 10.00mm Square,7.48,10.0,10.0,
TP-0033,Thermal Pad,Bergquist,SP400-0.007-00-104,17.29,0.0168,,0.9,0.18,483.87,Thermal Pad Gray 25.40mm x 19.05mm Rectangular,8.13,25.4,19.05,
TP-0034,Thermal Pad,t-Global Technology,T62-30-30-0.13,9.3,0.009,,20.0,0.13,900.0,Thermal Pad Black 30.00mm x 30.00mm Square,8.13,30.0,30.0,
TP-0035,Thermal Pad,t-Global Technology,TG-A6200-15-15-0.5,37.19,0.0361,,6.2,0.5,225.0,Thermal Pad Blue 15.00mm x 15.00mm Square Tacky - Both Sides,8.13,15.0,15.0,
TP-0036,Thermal Pad,t-Global Technology,TG-A3500-10-10-5.0,86.97,0.0845,,3.5,5.0,100.0,Thermal Pad Yellow 10.00mm x 10.00mm Square Tacky - Both Sides,8.45,10.0,10.0,
TP-0037,Thermal Pad,Bergquist,SP400-0.009-00-90,22.01,0.0214,,0.9,0.23,410.59,Thermal Pad Gray 21.84mm x 18.80mm Rectangular,8.78,21.84,18.8,
TP-0038,Thermal Pad,t-Global Technology,TG-A6200-10-10-1.5,90.37,0.0878,,6.2,1.5,100.0,Thermal Pad Blue 10.00mm x 10.00mm Square Tacky - Both Sides,8.78,10.0,10.0,
TP-0039,Thermal Pad,Bergquist,SP900S-0.009-AC-54,40.12,0.039,,1.6,0.23,241.94,Thermal Pad Pink 19.05mm x 12.70mm Rectangular Adhesive - One Side,9.43,19.05,12.7,
TP-0040,Thermal Pad,Bergquist,SP900S-0.009-00-54,40.12,0.039,,1.6,0.23,241.94,Thermal Pad Pink 19.05mm x 12.70mm Rectangular,9.43,19.05,12.7,
TP-0041,Thermal Pad,Bergquist,SP400-0.009-00-51,40.3,0.0392,,0.9,0.23,249.01,Thermal Pad Gray 17.45mm x 14.27mm Rectangular,9.75,17.45,14.27,
TP-0042,Thermal Pad,t-Global Technology,TG-A1250-10-10-1.0,107.04,0.104,,12.5,1.0,100.0,Thermal Pad Green 10.00mm x 10.00mm Square,10.4,10.0,10.0,
TP-0043,Thermal Pad,Bergquist,HF115AC-0.0055-AC-54,45.65,0.0444,,0.8,0.14,241.94,Thermal Pad Gray 19.05mm x 12.70mm Rectangular Adhesive - One Side,10.73,19.05,12.7,
TP-0044,Thermal Pad,Bergquist,1009-54,45.65,0.0444,,1.2,0.23,241.94,Thermal Pad Pink 19.05mm x 12.70mm Rectangular,10.73,19.05,12.7,
TP-0045,Thermal Pad,Bergquist,SPK10-0.006-00-54,48.41,0.047,,1.3,0.15,241.94,Thermal Pad Beige 19.05mm x 12.70mm Rectangular,11.38,19.05,12.7,
TP-0046,Thermal Pad,Bergquist,SP900S-0.009-00-90,28.53,0.0277,,1.6,0.23,410.59,Thermal Pad Pink 21.84mm x 18.80mm Rectangular,11.38,21.84,18.8,
TP-0047,Thermal Pad,Bergquist,SP900S-0.009-00-104,24.89,0.0242,,1.6,0.23,483.87,Thermal Pad Pink 25.40mm x 19.05mm Rectangular,11.7,25.4,19.05,
TP-0048,Thermal Pad,Bergquist,SP900S-0.009-AC-58,52.54,0.051,,1.6,0.23,241.94,Thermal Pad Pink 19.05mm x 12.70mm Rectangular Adhesive - One Side,12.35,19.05,12.7,
TP-0049,Thermal Pad,Bergquist,2188938,52.28,0.0508,,0.9,0.3,275.22,"Thermal Pad Gray, Green 25.02mm x 11.00mm Round",13.98,25.02,11.0,
TP-0050,Thermal Pad,t-Global Technology,TG-A1250-15-15-0.5,65.41,0.0636,,12.5,0.5,225.0,Thermal Pad Green 15.00mm x 15.00mm Square,14.3,15.0,15.0,
TP-0051,Thermal Pad,t-Global Technology,CP23-TO220-21.5-11.4-5.8-0.45,65.51,0.0636,,1.9,0.45,245.1,Thermal Pad Gray 21.50mm x 11.40mm x 5.80mm Rectangular,15.6,21.5,11.4,
TP-0052,Thermal Pad,Vishay Dale Thin Film,THJP0603AST1,13873.09,13.4793,,70.0,0.76,1.3,Thermal Pad 1.55mm x 0.84mm Rectangular,17.55,1.55,0.84,
TP-0053,Thermal Pad,"Boyd Laconia, LLC",53-77-9G,79.73,0.0775,,0.9,0.15,243.33,"Thermal Pad Gray, Green 18.42mm x 13.21mm Rectangular",18.85,18.42,13.21,
TP-0054,Thermal Pad,t-Global Technology,CP33-TO247-28.5-17.5-5.8-0.45,42.92,0.0417,,1.9,0.45,498.75,Thermal Pad Gray 28.50mm x 17.50mm x 5.80mm Rectangular,20.8,28.5,17.5,
TP-0055,Thermal Pad,Bergquist,SPK10-0.006-00-58,92.65,0.09,,1.3,0.15,241.94,Thermal Pad Beige 19.05mm x 12.70mm Rectangular,21.78,19.05,12.7,
TP-0056,Thermal Pad,Bergquist,Q3-0.005-00-54,94.02,0.0913,,2.0,0.13,241.94,Thermal Pad Black 19.05mm x 12.70mm Rectangular,22.1,19.05,12.7,
TP-0057,Thermal Pad,Bergquist,SPT400-12-13.5-25,69.32,0.0674,,0.9,0.3,337.77,"Thermal Pad Gray, Green 25.02mm x 13.50mm Round",22.75,25.02,13.5,
TP-0058,Thermal Pad,t-Global Technology,TG-A1250-15-15-1.0,104.07,0.1011,,12.5,1.0,225.0,Thermal Pad Green 15.00mm x 15.00mm Square,22.75,15.0,15.0,
TP-0059,Thermal Pad,Parker Chomerics,60-11-8302-1674,103.74,0.1008,,1.0,0.25,228.98,Thermal Pad Blue 18.03mm x 12.70mm Rectangular,23.08,18.03,12.7,
TP-0060,Thermal Pad,Bergquist,SPK10-0.006-00-90,58.66,0.057,,1.3,0.15,410.59,Thermal Pad Beige 21.84mm x 18.80mm Rectangular,23.4,21.84,18.8,
TP-0061,Thermal Pad,Wakefield Thermal Solutions,175-6-220P,106.84,0.1038,,0.5,0.15,228.6,Thermal Pad Gray 18.00mm x 12.70mm Rectangular,23.73,18.0,12.7,
TP-0062,Thermal Pad,Bergquist,SPK10-0.006-00-104,51.86,0.0504,,1.3,0.15,483.87,Thermal Pad Beige 25.40mm x 19.05mm Rectangular,24.38,25.4,19.05,
TP-0063,Thermal Pad,"Boyd Laconia, LLC",53-77-4G,107.84,0.1048,,0.9,0.15,241.94,"Thermal Pad Gray, Green 19.05mm x 12.70mm Rectangular",25.35,19.05,12.7,
TP-0064,Thermal Pad,Vishay Dale Thin Film,THJP0612AST1,7889.05,7.6651,,259.0,0.76,3.39,Thermal Pad 1.06mm x 3.20mm Rectangular,26.0,1.06,3.2,
TP-0065,Thermal Pad,Bergquist,HF115AC-0.0055-AC-90,66.04,0.0642,,0.8,0.14,410.37,Thermal Pad Gray 21.84mm x 18.79mm Rectangular Adhesive - One Side,26.33,21.84,18.79,
TP-0066,Thermal Pad,"Boyd Laconia, LLC",53-77-4ACG,116.14,0.1128,,0.9,0.15,241.94,"Thermal Pad Gray, Green 19.05mm x 12.70mm Rectangular Adhesive - One Side",27.3,19.05,12.7,
TP-0067,Thermal Pad,Wakefield Thermal Solutions,173-7-240A,125.51,0.1219,,1.2,0.18,242.57,Thermal Pad Gray 19.10mm x 12.70mm Rectangular Adhesive - One Side,29.58,19.1,12.7,
TP-0068,Thermal Pad,t-Global Technology,TG-APC93-20-20-2.0-0,81.13,0.0788,,2.0,2.01,400.0,Thermal Pad Gray 20.00mm x 20.00mm Square,31.53,20.0,20.0,
TP-0069,Thermal Pad,t-Global Technology,TG-A3500-25-25-3.0,55.13,0.0536,,3.5,3.0,625.0,Thermal Pad Yellow 25.00mm x 25.00mm Square Tacky - Both Sides,33.48,25.0,25.0,
TP-0070,Thermal Pad,"Boyd Laconia, LLC",53-77-9ACG,142.97,0.1389,,0.9,0.15,243.33,"Thermal Pad Gray, Green 18.42mm x 13.21mm Rectangular Adhesive - One Side",33.8,18.42,13.21,
TP-0071,Thermal Pad,t-Global Technology,TG-A6200-20-20-2.0,101.2,0.0983,,6.2,2.01,400.0,Thermal Pad Blue 20.00mm x 20.00mm Square Tacky - Both Sides,39.33,20.0,20.0,
TP-0072,Thermal Pad,Bergquist,SP600-104,89.87,0.0873,,1.0,0.23,483.87,Thermal Pad Green 25.40mm x 19.05mm Rectangular,42.25,25.4,19.05,
TP-0073,Thermal Pad,t-Global Technology,TG-A1250-15-15-2.0,197.75,0.1921,,12.5,2.01,225.0,Thermal Pad Green 15.00mm x 15.00mm Square,43.23,15.0,15.0,
TP-0074,Thermal Pad,Bergquist,SP2000-0.015-00-104,100.93,0.0981,,3.5,0.38,483.87,Thermal Pad White 25.40mm x 19.05mm Rectangular,47.45,25.4,19.05,
TP-0075,Thermal Pad,t-Global Technology,TG-AH486-21-15-13.0-1A,161.6,0.157,,3.2,13.0,315.0,Thermal Pad Gray 21.00mm x 15.00mm Rectangular Adhesive - One Side,49.46,21.0,15.0,
TP-0076,Thermal Pad,KYOCERA AVX,QB0603B25WYT,45749.91,44.4512,,50.0,0.06,1.16,Thermal Pad 1.52mm x 0.76mm Rectangular,51.35,1.52,0.76,
TP-0077,Thermal Pad,t-Global Technology,TG-A1250-30-30-0.5,60.21,0.0585,,12.5,0.5,900.0,Thermal Pad Green 30.00mm x 30.00mm Square,52.65,30.0,30.0,
TP-0078,Thermal Pad,Vishay Dale Thin Film,THJP1225AST1,2989.15,2.9043,,259.0,0.76,20.48,Thermal Pad 3.20mm x 6.40mm Rectangular,59.48,3.2,6.4,
TP-0079,Thermal Pad,t-Global Technology,TG-AH486-35-10-7.0-0,184.47,0.1792,,3.2,7.01,350.0,Thermal Pad Gray 35.00mm x 10.00mm Rectangular,62.73,35.0,10.0,
TP-0080,Thermal Pad,Sensata-Crydom,HSP-2,26.73,0.026,,2.0,0.13,2540.32,Thermal Pad Black 57.15mm x 44.45mm Rectangular Adhesive - One Side,65.98,57.15,44.45,
TP-0081,Thermal Pad,t-Global Technology,TG-A486G-20-20-2.5-0,169.77,0.165,,6.3,2.5,400.0,Thermal Pad Gray 20.00mm x 20.00mm Square Tacky - Both Sides,65.98,20.0,20.0,
TP-0082,Thermal Pad,Würth Elektronik,407150015050,325.6,0.3164,,400.0,5.0,225.0,Thermal Pad Black 15.00mm x 15.00mm Square Adhesive - Both Sides,71.18,15.0,15.0,
TP-0083,Thermal Pad,Würth Elektronik,407150015030,325.6,0.3164,,400.0,3.0,225.0,Thermal Pad Black 15.00mm x 15.00mm Square Adhesive - Both Sides,71.18,15.0,15.0,
TP-0084,Thermal Pad,t-Global Technology,TG-AH486-45-25-6.0-0,72.85,0.0708,,3.2,5.99,1125.0,Thermal Pad Gray 45.00mm x 25.00mm Rectangular,79.63,45.0,25.0,
TP-0085,Thermal Pad,Würth Elektronik,407150015200,367.22,0.3568,,400.0,19.99,225.0,Thermal Pad Black 15.00mm x 15.00mm Square Adhesive - Both Sides,80.28,15.0,15.0,
TP-0086,Thermal Pad,KYOCERA AVX,QB0805A40WYT,32308.5,31.3913,,100.0,1.02,2.58,Thermal Pad 2.03mm x 1.27mm Rectangular,80.93,2.03,1.27,
TP-0087,Thermal Pad,KYOCERA AVX,QB0805B40WYT,32308.5,31.3913,,100.0,1.02,2.58,Thermal Pad 2.03mm x 1.27mm Rectangular,80.93,2.03,1.27,
TP-0088,Thermal Pad,t-Global Technology,TG-AH486-25-25-9.0-0,135.41,0.1316,,3.2,8.99,625.0,Thermal Pad Gray 25.00mm x 25.00mm Square,82.23,25.0,25.0,
TP-0089,Thermal Pad,Würth Elektronik,407150045015,127.36,0.1237,,400.0,1.5,675.0,Thermal Pad Black 45.00mm x 15.00mm Rectangular Adhesive - Both Sides,83.53,45.0,15.0,
TP-0090,Thermal Pad,ADLINK Technology,EAPUS SARCON GR-HM 10.8X10.8X0.5MM,816.21,0.793,,6.0,0.5,116.64,"Thermal Interface Products Pad,Type=GR-Hm,Size=10.8x10.8x0.5mm,K=6W/mK,Color=Reddish Gray",92.5,10.8,10.8,
TP-0091,Thermal Pad,ADLINK Technology,EAPUS SARCON XR-Hl 16.5X7.5X2.0MM,769.31,0.7475,,1.2,2.0,123.75,"Thermal Interface Products Pad,Type=XR-HL,Size=16.5x7.5x2.0mm,K=1.2W/mK,Color=Black",92.5,16.5,7.5,
TP-0092,Thermal Pad,ADLINK Technology,EAPUS SARCON XR-Hl 20X10X2.5MM,476.01,0.4625,,1.2,2.5,200.0,"Thermal Interface Products Pad,Type=XR-HL,Size=20x10x2.5mm,K=1.2W/mK,Color=Black",92.5,20.0,10.0,
TP-0093,Thermal Pad,ADLINK Technology,EAPUS SARCON XR-Hl 35X11X2.5MM,247.28,0.2403,,1.2,2.5,385.0,"Thermal Interface Products Pad,Type=XR-HL,Size=35x11x2.5mm,K=1.2W/mK,Color=Black",92.5,35.0,11.0,
TP-0094,Thermal Pad,ADLINK Technology,EAPUS SARCON XR-Hl 12X14X3.0MM,566.68,0.5506,,1.2,3.0,168.0,"Thermal Interface Products Pad,Type=XR-HL,Size=12x14x3.0mm,K=1.2W/mK,Color=Black",92.5,12.0,14.0,
TP-0095,Thermal Pad,Parker Chomerics,60-11-5791-1671,385.28,0.3743,,2.6,0.38,249.19,Thermal Pad White 17.45mm x 14.28mm Rectangular,93.28,17.45,14.28,
TP-0096,Thermal Pad,Wakefield Thermal,PL-05-3-254,150.36,0.1461,,3.0,0.5,645.16,"Thermal Interface Products ulTIMiFlux Gap Pad, Silicone, 0.5mm Thickness, 3 W/m-K, 25.4x25.4mm, Green",94.25,25.4,25.4,
TP-0097,Thermal Pad,Parker Chomerics,60-11-8302-1671,425.12,0.413,,2.6,0.38,228.98,Thermal Pad White 18.03mm x 12.70mm Rectangular,94.58,18.03,12.7,
TP-0098,Thermal Pad,t-Global Technology,TG-A1250-40-40-0.5,61.68,0.0599,,12.5,0.5,1600.0,Thermal Pad Green 40.00mm x 40.00mm Square,95.88,40.0,40.0,
TP-0099,Thermal Pad,Wakefield Thermal,PL-05-5-254,156.58,0.1521,,5.0,0.5,645.16,"Thermal Interface Products ulTIMiFlux Gap Pad, Silicone, 0.5mm Thickness, 5 W/m-K, 25.4x25.4mm, Gold",98.15,25.4,25.4,
TP-0100,Thermal Pad,Wakefield Thermal,PL-05-3-254-H,157.1,0.1526,,3.0,0.5,645.16,"Thermal Interface Products ulTIMiFlux Gap Pad, Silicone, 0.5mm Thickness, 3 W/m-K, 25.4x25.4mm, Hyper Soft",98.48,25.4,25.4,
TP-0101,Thermal Pad,Wakefield Thermal,PL-05-5-254-H,162.8,0.1582,,5.0,0.5,645.16,"Thermal Interface Products ulTIMiFlux Gap Pad, Silicone, 0.5mm Thickness, 5 W/m-K, 25.4x25.4mm, Hyper Soft",102.05,25.4,25.4,
TP-0102,Thermal Pad,Wakefield Thermal,PL-2-1-254,163.84,0.1592,,1.0,2.0,645.16,"Thermal Interface Products ulTIMiFlux Gap Pad, Silicone, 2mm Thickness, 1 W/m-K, 25.4x25.4mm, Grey",102.7,25.4,25.4,
TP-0103,Thermal Pad,Wakefield Thermal,PL-2-3-254,175.24,0.1703,,3.0,2.0,645.16,"Thermal Interface Products ulTIMiFlux Gap Pad, Silicone, 2mm Thickness, 3 W/m-K, 25.4x25.4mm, Green",109.85,25.4,25.4,
TP-0104,Thermal Pad,Wakefield Thermal,PL-2-3-254-H,181.99,0.1768,,3.0,2.0,645.16,"Thermal Interface Products ulTIMiFlux Gap Pad, Silicone, 2mm Thickness, 3 W/m-K, 25.4x25.4mm, Hyper Soft",114.08,25.4,25.4,
TP-0105,Thermal Pad,Wakefield Thermal,PL-1-5-254,185.1,0.1798,,5.0,1.0,645.16,"Thermal Interface Products ulTIMiFlux Gap Pad, Silicone, 1mm Thickness, 5 W/m-K, 25.4x25.4mm, Gold",116.03,25.4,25.4,
TP-0106,Thermal Pad,Bergquist,SP2000-0.015-00-58,529.55,0.5145,,3.5,0.38,241.94,Thermal Pad White 19.05mm x 12.70mm Rectangular,124.48,19.05,12.7,
TP-0107,Thermal Pad,t-Global Technology,TG-A3500-40-40-5.0,80.49,0.0782,,3.5,5.0,1600.0,Thermal Pad Yellow 40.00mm x 40.00mm Square Tacky - Both Sides,125.13,40.0,40.0,
TP-0108,Thermal Pad,t-Global Technology,TG-AH486-100-100-1.0-0,15.86,0.0154,,3.2,1.0,10000.0,Thermal Pad Gray 100.00mm x 100.00mm Square,154.05,100.0,100.0,
TP-0109,Thermal Pad,Wakefield Thermal,PL-2-5-254-H,253.54,0.2463,,5.0,2.0,645.16,"Thermal Interface Products ulTIMiFlux Gap Pad, Silicone, 2mm Thickness, 5 W/m-K, 25.4x25.4mm, Hyper Soft",158.93,25.4,25.4,
TP-0110,Thermal Pad,t-Global Technology,TG-A1250-30-30-2.0,182.49,0.1773,,12.5,2.01,900.0,Thermal Pad Green 30.00mm x 30.00mm Square,159.58,30.0,30.0,
TP-0111,Thermal Pad,Wakefield Thermal,PL-05-1-1016,16.79,0.0163,,1.0,0.5,10322.56,"Thermal Interface Products ulTIMiFlux Gap Pad, Silicone, 0.5mm Thickness, 1 W/m-K, 101.6x101.6mm, Grey",168.35,101.6,101.6,
TP-0112,Thermal Pad,t-Global Technology,TG-A1250-25-25-3.0,279.91,0.272,,12.5,3.0,625.0,Thermal Pad Green 25.00mm x 25.00mm Square,169.98,25.0,25.0,
TP-0113,Thermal Pad,Wakefield Thermal,PL-2-5-254,281.01,0.273,,5.0,2.0,645.16,"Thermal Interface Products ulTIMiFlux Gap Pad, Silicone, 2mm Thickness, 5 W/m-K, 25.4x25.4mm, Gold",176.15,25.4,25.4,
TP-0114,Thermal Pad,t-Global Technology,TG-A1780-25-25-0.5,294.36,0.286,,17.8,0.5,625.0,Thermal Pad Gray 25.00mm x 25.00mm Square,178.75,25.0,25.0,
TP-0115,Thermal Pad,Wakefield Thermal,PL-1-1.5-76X127-15,21.88,0.0213,,1.5,1.0,9677.4,"Thermal Interface Products ulTIMiFlux Gap Pad, Silicone, 1mm Thickness, 1.5 W/mK, 76.2x127mm, Grey",205.73,76.2,127.0,
TP-0116,Thermal Pad,Würth Elektronik,4051100100017,22.41,0.0218,,1800.0,0.04,10000.0,Thermal Pad 100.00mm x 100.00mm Square Acrylic,217.75,100.0,100.0,
TP-0117,Thermal Pad,t-Global Technology,TG-A1250-40-40-1.5,143.21,0.1391,,12.5,1.5,1600.0,Thermal Pad Green 40.00mm x 40.00mm Square,222.63,40.0,40.0,
TP-0118,Thermal Pad,Wakefield Thermal,PL-1-1-1016,22.42,0.0218,,1.0,1.0,10322.56,"Thermal Interface Products ulTIMiFlux Gap Pad, Silicone, 1mm Thickness, 1 W/m-K, 101.6x101.6mm, Grey",224.9,101.6,101.6,
TP-0119,Thermal Pad,Taica North America Corporation,COH-1706-200-05,5.81,0.0056,,1.7,0.51,40000.0,Thermal Pad Gray 200.00mm x 200.00mm Square Tacky - Both Sides,225.88,200.0,200.0,
TP-0120,Thermal Pad,Aavid,SoftFlex-B016-20-01-0762-0762,44.07,0.0428,,1.6,2.0,5806.44,"Thermal Interface Products SoftFlex Pad, 1.6 W/mK Conductivity, 2mm Thick, 1-Side Adhesive, 76.2x76.2mm",248.63,76.2,76.2,
TP-0121,Thermal Pad,t-Global Technology,TG-A1780-30-30-0.5,288.41,0.2802,,17.8,0.5,900.0,Thermal Pad Gray 30.00mm x 30.00mm Square,252.2,30.0,30.0,
TP-0122,Thermal Pad,t-Global Technology,TG-A6200F-100-100-0.5,28.2,0.0274,,5.0,0.5,10000.0,Thermal Pad Blue 100.00mm x 100.00mm Square Tacky - One Side,273.98,100.0,100.0,
TP-0123,Thermal Pad,Bergquist,SP2000-0.015-00-54,1349.4,1.3111,,3.5,0.38,241.94,Thermal Pad White 19.05mm x 12.70mm Rectangular,317.2,19.05,12.7,
TP-0124,Thermal Pad,Wakefield Thermal,PL-05-5-1016,31.79,0.0309,,5.0,0.5,10322.56,"Thermal Interface Products ulTIMiFlux Gap Pad, Silicone, 0.5mm Thickness, 5 W/m-K, 101.6x101.6mm, Gold",318.83,101.6,101.6,
TP-0125,Thermal Pad,Bergquist,GP1500-0.080-02-0404,33.77,0.0328,,1.5,2.03,10322.56,Thermal Pad Black 101.60mm x 101.60mm Square Tacky - Both Sides,338.65,101.6,101.6,
TP-0126,Thermal Pad,Wakefield Thermal,PL-05-3-1016-H,35.09,0.0341,,3.0,0.5,10322.56,"Thermal Interface Products ulTIMiFlux Gap Pad, Silicone, 0.5mm Thick, 3 W/m-K, 101.6x101.6mm, Hyper Soft",351.98,101.6,101.6,
TP-0127,Thermal Pad,Wakefield Thermal,PLF-1-1-76X127-40,38.19,0.0371,,1.0,1.0,9652.0,"Thermal Interface Products ulTIMiFlux Gap Pad, Silicone-Free, 1mm Thickness, 1 W/m-K, 76x127mm, White",358.15,76.0,127.0,
TP-0128,Thermal Pad,Wakefield Thermal,PL-1-3-76X127-30,39.27,0.0382,,3.0,1.0,9677.4,"Thermal Interface Products ulTIMiFlux Gap Pad, Silicone, 1mm Thickness, 3 W/m-K, 76.2x127mm, Blue",369.2,76.2,127.0,
TP-0129,Thermal Pad,t-Global Technology,TG-A6200-100-100-1.0,39.0,0.0379,,6.2,1.0,10000.0,Thermal Pad Blue 100.00mm x 100.00mm Square Tacky - Both Sides,378.95,100.0,100.0,
TP-0130,Thermal Pad,t-Global Technology,TG-A1780-40-40-0.5,247.32,0.2403,,17.8,0.5,1600.0,Thermal Pad Gray 40.00mm x 40.00mm Square,384.48,40.0,40.0,
TP-0131,Thermal Pad,Bergquist,GP1500-0.020-02-0404,40.18,0.039,,1.5,0.51,10322.56,Thermal Pad Black 101.60mm x 101.60mm Square Tacky - Both Sides,403.0,101.6,101.6,
TP-0132,Thermal Pad,Wakefield Thermal,PL-1-3-1016-H,41.09,0.0399,,3.0,1.0,10322.56,"Thermal Interface Products ulTIMiFlux Gap Pad, Silicone, 1mm Thickness, 3 W/m-K, 101.6x101.6mm, Hyper Soft",412.1,101.6,101.6,
TP-0133,Thermal Pad,Wakefield Thermal,PL-2-1-1016,41.35,0.0402,,1.0,2.0,10322.56,"Thermal Interface Products ulTIMiFlux Gap Pad, Silicone, 2mm Thickness, 1 W/m-K, 101.6x101.6mm, Grey",414.7,101.6,101.6,
TP-0134,Thermal Pad,KYOCERA AVX,QB0603A25WYT,370632.22,360.1108,,50.0,0.06,1.16,Thermal Pad 1.52mm x 0.76mm Rectangular,416.0,1.52,0.76,
TP-0135,Thermal Pad,Wakefield Thermal,PL-05-5-1016-H,43.52,0.0423,,5.0,0.5,10322.56,"Thermal Interface Products ulTIMiFlux Gap Pad, Silicone, 0.5mm Thick, 5 W/m-K, 101.6x101.6mm, Hyper Soft",436.48,101.6,101.6,
TP-0136,Thermal Pad,Laird Technologies - Thermal Materials,A18197-05,8.71,0.0085,,5.3,0.12,52257.96,Thermal Pad Gray 228.60mm x 228.60mm Square Tacky - Both Sides,442.33,228.6,228.6,
TP-0137,Thermal Pad,Parker Chomerics,69-13-42348-T412,615.67,0.5982,,1.4,0.23,784.0,Thermal Pad Gray 28.00mm x 28.00mm Square Adhesive - Both Sides,468.98,28.0,28.0,
TP-0138,Thermal Pad,t-Global Technology,T62-310-310-0.13,5.25,0.0051,,20.0,0.13,96100.0,Thermal Pad Black 310.00mm x 310.00mm Square,489.78,310.0,310.0,
TP-0139,Thermal Pad,Laird Technologies - Thermal Materials,A18197-08,9.86,0.0096,,5.3,0.2,52257.96,Thermal Pad Gray 228.60mm x 228.60mm Square Tacky - Both Sides,500.83,228.6,228.6,
TP-0140,Thermal Pad,t-Global Technology,TG-A6200-150-150-0.5,23.74,0.0231,,6.2,0.5,22500.0,Thermal Pad Blue 150.00mm x 150.00mm Square Tacky - Both Sides,519.03,150.0,150.0,
TP-0141,Thermal Pad,Laird Technologies - Thermal Materials,A18197-10,10.66,0.0104,,5.3,0.25,52257.96,Thermal Pad Gray 228.60mm x 228.60mm Square Tacky - Both Sides,541.13,228.6,228.6,
TP-0142,Thermal Pad,Laird Technologies - Thermal Materials,A17916-08,10.67,0.0104,,2.0,2.03,52257.96,Thermal Pad Gray 228.60mm x 228.60mm Square Tacky - Both Sides,541.78,228.6,228.6,
TP-0143,Thermal Pad,Bergquist,BP100-0.005-00-1112,6.65,0.0065,,0.8,0.13,85161.12,Thermal Pad White 304.80mm x 279.40mm Rectangular Adhesive - Both Sides,550.55,304.8,279.4,
TP-0144,Thermal Pad,Wakefield Thermal,PL-2-3-1016-H,57.1,0.0555,,3.0,2.0,10322.56,"Thermal Interface Products ulTIMiFlux Gap Pad, Silicone, 2mm Thickness, 3 W/m-K, 101.6x101.6mm, Hyper Soft",572.65,101.6,101.6,
TP-0145,Thermal Pad,t-Global Technology,T62-1-310-310-0.16,6.15,0.006,,15.0,0.16,96100.0,Thermal Pad Black 310.00mm x 310.00mm Square Adhesive - One Side,573.95,310.0,310.0,
TP-0146,Thermal Pad,Wakefield Thermal,PL-1-5-76X127-60,65.47,0.0636,,5.0,1.0,9677.4,"Thermal Interface Products ulTIMiFlux Gap Pad, Silicone, 1mm Thickness, 5 W/m-K, 76.2x127mm, Brown",615.55,76.2,127.0,
TP-0147,Thermal Pad,Bergquist,GP1500-0.040-02-0404,66.2,0.0643,,1.5,1.02,10322.56,Thermal Pad Black 101.60mm x 101.60mm Square Tacky - Both Sides,663.98,101.6,101.6,
TP-0148,Thermal Pad,Wakefield Thermal,PLF-1-3-76X127-70,71.04,0.069,,3.0,1.0,9652.0,"Thermal Interface Products ulTIMiFlux Gap Pad, Silicone-Free, 1mm Thickness, 3 W/m-K, 76x127mm, White",666.25,76.0,127.0,
TP-0149,Thermal Pad,t-Global Technology,GT10D-300-300-0.25-1A,7.83,0.0076,,1.5,0.25,90000.0,Thermal Pad Pink 300.00mm x 300.00mm Square Adhesive - One Side,684.78,300.0,300.0,
TP-0150,Thermal Pad,Same Sky (Formerly CUI Devices),SF400-505005,289.54,0.2813,,2.5,0.5,2500.0,Thermal Pad Gray 50.00mm x 50.00mm Square Tacky - Both Sides,703.3,50.0,50.0,
TP-0151,Thermal Pad,Laird Technologies - Thermal Materials,A18197-16,14.0,0.0136,,5.3,0.41,52257.96,Thermal Pad Gray 228.60mm x 228.60mm Square Tacky - Both Sides,710.78,228.6,228.6,
TP-0152,Thermal Pad,Bergquist,GPVOUS-0.020-01-0816,8.95,0.0087,,1.0,0.51,82580.48,Thermal Pad Pink 406.40mm x 203.20mm Rectangular Tacky - One Side,718.25,406.4,203.2,
TP-0153,Thermal Pad,Laird Technologies - Thermal Materials,A17733-04,14.33,0.0139,,1.2,1.02,52257.96,Thermal Pad Yellow 228.60mm x 228.60mm Square Adhesive - One Side,727.68,228.6,228.6,
TP-0154,Thermal Pad,Bergquist,2191342,8.43,0.0082,,0.9,0.15,89032.08,Thermal Pad Gray 304.80mm x 292.10mm Rectangular,728.98,304.8,292.1,
TP-0155,Thermal Pad,t-Global Technology,TG-A1250-125-125-0.5,48.51,0.0471,,12.5,0.5,15625.0,Thermal Pad Green 125.00mm x 125.00mm Square,736.45,125.0,125.0,
TP-0156,Thermal Pad,Laird Technologies - Thermal Materials,A18172-16,14.75,0.0143,,7.5,0.4,52257.96,Thermal Pad Gray 228.60mm x 228.60mm Square Tacky - Both Sides,749.13,228.6,228.6,
TP-0157,Thermal Pad,Parker Chomerics,69-12-42355-1674,18.99,0.0184,,1.0,0.25,41290.24,Thermal Pad Blue 203.20mm x 203.20mm Square Adhesive - One Side,761.8,203.2,203.2,
TP-0158,Thermal Pad,t-Global Technology,TG-A6200-100-100-2.5,78.67,0.0764,,6.2,2.5,10000.0,Thermal Pad Blue 100.00mm x 100.00mm Square Tacky - Both Sides,764.4,100.0,100.0,
TP-0159,Thermal Pad,Wakefield Thermal,PL-1-6-76X127-60,83.78,0.0814,,6.0,1.0,9677.4,"Thermal Interface Products ulTIMiFlux Gap Pad, Silicone, 1mm Thickness, 6 W/mK, 76.2x127mm, Grey",787.8,76.2,127.0,
TP-0160,Thermal Pad,Bergquist,GP1500-0.040-02-0816,9.85,0.0096,,1.5,1.02,82580.48,Thermal Pad Black 406.40mm x 203.20mm Rectangular Tacky - Both Sides,790.08,406.4,203.2,
TP-0161,Thermal Pad,Bergquist,GPVOUS-0.040-01-0816,10.0,0.0097,,1.0,1.02,82580.48,Thermal Pad Pink 406.40mm x 203.20mm Rectangular Tacky - One Side,802.1,406.4,203.2,
TP-0162,Thermal Pad,Laird Technologies - Thermal Materials,A18172-05,16.03,0.0156,,7.5,0.12,52257.96,Thermal Pad Gray 228.60mm x 228.60mm Square Tacky - Both Sides,814.13,228.6,228.6,
TP-0163,Thermal Pad,t-Global Technology,TG-A6200-150-150-1.0,37.27,0.0362,,6.2,1.0,22500.0,Thermal Pad Blue 150.00mm x 150.00mm Square Tacky - Both Sides,814.78,150.0,150.0,
TP-0164,Thermal Pad,Laird Technologies - Thermal Materials,A15993-00,16.3,0.0158,,3.0,0.51,52257.96,Thermal Pad Gray 228.60mm x 228.60mm Square Tacky - Both Sides,827.78,228.6,228.6,
TP-0165,Thermal Pad,Laird Technologies - Thermal Materials,A18172-10,17.04,0.0166,,7.5,0.25,52257.96,Thermal Pad Gray 228.60mm x 228.60mm Square Tacky - Both Sides,865.15,228.6,228.6,
TP-0166,Thermal Pad,Wakefield Thermal,PL-1-5-1016-H,87.98,0.0855,,5.0,1.0,10322.56,"Thermal Interface Products ulTIMiFlux Gap Pad, Silicone, 1mm Thickness, 5 W/m-K, 101.6x101.6mm, Hyper Soft",882.38,101.6,101.6,
TP-0167,Thermal Pad,t-Global Technology,TG-A1250-100-100-1.0,92.89,0.0903,,12.5,1.0,10000.0,Thermal Pad Green 100.00mm x 100.00mm Square,902.53,100.0,100.0,
TP-0168,Thermal Pad,Wakefield Thermal,PLX-1-6-76X127-48,97.73,0.095,,6.0,1.0,9652.0,"Thermal Interface Products ulTIMiFlux Gap Pad, Silicone, 1mm Thickness, 6 W/mK, 76x127mm, Grey",916.5,76.0,127.0,
TP-0169,Thermal Pad,Bergquist,BP100-0.011-00-1010,14.71,0.0143,,0.8,0.28,64516.0,Thermal Pad White 254.00mm x 254.00mm Square Adhesive - Both Sides,922.35,254.0,254.0,
TP-0170,Thermal Pad,Wakefield Thermal,PL-1-5-1016,94.2,0.0915,,5.0,1.0,10322.56,"Thermal Interface Products ulTIMiFlux Gap Pad, Silicone, 1mm Thickness, 5 W/m-K, 101.6x101.6mm, Gold",944.78,101.6,101.6,
TP-0171,Thermal Pad,Wakefield Thermal Solutions,PL-1-5-1016-H,94.23,0.0916,,5.0,0.99,10322.56,Thermal Pad Gold 101.60mm x 101.60mm Square Tacky - One Side,945.1,101.6,101.6,
TP-0172,Thermal Pad,Bergquist,GP1500R-0.020-02-0816,12.05,0.0117,,1.5,0.51,82580.48,Thermal Pad Black 406.40mm x 203.20mm Rectangular Tacky - Both Sides,966.88,406.4,203.2,
TP-0173,Thermal Pad,Würth Elektronik,4051210297017,15.99,0.0155,,1800.0,0.04,62370.0,Thermal Pad 297.00mm x 210.00mm Rectangular Acrylic,968.83,297.0,210.0,
TP-0174,Thermal Pad,Bergquist,BP100-0.008-00-1010,15.64,0.0152,,0.8,0.2,64516.0,Thermal Pad White 254.00mm x 254.00mm Square Adhesive - Both Sides,980.53,254.0,254.0,
TP-0175,Thermal Pad,Bergquist,2191191,12.56,0.0122,,1.0,1.52,82580.48,Thermal Pad Pink 406.40mm x 203.20mm Rectangular Tacky - One Side,1007.5,406.4,203.2,
TP-0176,Thermal Pad,Parker Chomerics,69-13-42350-T412,45.12,0.0438,,1.4,0.23,23225.76,Thermal Pad Gray 152.40mm x 152.40mm Square Adhesive - Both Sides,1018.23,152.4,152.4,
TP-0177,Thermal Pad,Laird Technologies - Thermal Materials,A14556-01,20.11,0.0195,,2.8,0.51,52257.96,Thermal Pad Blue 228.60mm x 228.60mm Square Tacky - Both Sides,1021.15,228.6,228.6,
TP-0178,Thermal Pad,Laird Technologies - Thermal Materials,A17690-02,20.66,0.0201,,5.0,0.51,52257.96,Thermal Pad Pink 228.60mm x 228.60mm Square Tacky - One Side,1049.1,228.6,228.6,
TP-0179,Thermal Pad,Wakefield Thermal,PLX-1-7-76X127-68,112.15,0.109,,7.0,1.0,9652.0,"Thermal Interface Products ulTIMiFlux Gap Pad, Silicone, 1mm Thickness, 7 W/mK, 76x127mm, Grey",1051.7,76.0,127.0,
TP-0180,Thermal Pad,Bergquist,SPK10-0.006-00-11.512,12.48,0.0121,,1.3,0.15,89032.08,Thermal Pad Beige 304.80mm x 292.10mm Rectangular,1079.65,304.8,292.1,
TP-0181,Thermal Pad,Laird Technologies - Thermal Materials,A10464-07,4.17,0.0041,,5.0,0.51,278709.12,Thermal Pad Gray 609.60mm x 457.20mm Rectangular,1130.03,609.6,457.2,
TP-0182,Thermal Pad,Taica North America Corporation,COH-4065LVC-200-10,30.3,0.0294,,2.2,0.99,40000.0,Thermal Pad Reddish Brown 200.00mm x 200.00mm Square Tacky - Both Sides,1177.47,200.0,200.0,
TP-0183,Thermal Pad,Bergquist,GP1500-0.080-02-0816,14.69,0.0143,,1.5,2.03,82580.48,Thermal Pad Black 406.40mm x 203.20mm Rectangular Tacky - Both Sides,1178.45,406.4,203.2,
TP-0184,Thermal Pad,Wakefield Thermal,PLX-1-1.5-210X310-40,18.75,0.0182,,1.5,1.0,65100.0,"Thermal Interface Products ulTIMiFlux Gap Pad, Silicone, 1mm Thickness, 1.5 W/mK, 210x310mm, White",1186.25,210.0,310.0,
TP-0185,Thermal Pad,t-Global Technology,TG-A486G-150-150-1.0-1A,55.51,0.0539,,6.3,1.0,22500.0,Thermal Pad Gray 150.00mm x 150.00mm Square Adhesive - One Side,1213.55,150.0,150.0,
TP-0186,Thermal Pad,Bergquist,SP900S-0.009-AC-1212,13.65,0.0133,,1.6,0.23,92903.04,Thermal Pad Pink 304.80mm x 304.80mm Square Adhesive - One Side,1232.4,304.8,304.8,
TP-0187,Thermal Pad,Laird Technologies - Thermal Materials,A17653-03,25.85,0.0251,,5.0,0.76,52257.96,Thermal Pad Pink 228.60mm x 228.60mm Square Tacky - Both Sides,1312.68,228.6,228.6,
TP-0188,Thermal Pad,Wakefield Thermal,PLX-1-2-210X310-80,21.0,0.0204,,2.0,1.0,65100.0,"Thermal Interface Products ulTIMiFlux Gap Pad, Silicone, 1mm Thickness, 2 W/mK, 210x310mm, Grey",1328.6,210.0,310.0,
TP-0189,Thermal Pad,Wakefield Thermal,PL-1-8-76X127-50,142.3,0.1383,,8.0,1.0,9677.4,"Thermal Interface Products ulTIMiFlux Gap Pad, Silicone, 1mm Thickness, 8 W/mK, 76.2x127mm, Grey",1338.03,76.2,127.0,
TP-0190,Thermal Pad,Wakefield Thermal,PL-2-5-1016-H,137.65,0.1337,,5.0,2.0,10322.56,"Thermal Interface Products ulTIMiFlux Gap Pad, Silicone, 2mm Thickness, 5 W/m-K, 101.6x101.6mm, Hyper Soft",1380.6,101.6,101.6,
TP-0191,Thermal Pad,Bergquist,2165804,16.64,0.0162,,1.3,0.15,89032.08,Thermal Pad Beige 304.80mm x 292.10mm Rectangular Adhesive - One Side,1439.1,304.8,292.1,
TP-0192,Thermal Pad,3M,5549S-05,45.7,0.0444,,3.5,0.5,32550.0,Thermal Pad Gray 210.00mm x 155.00mm Rectangular Tacky - One Side,1445.28,210.0,155.0,
TP-0193,Thermal Pad,Parker Chomerics,61-02-0909-G579,28.89,0.0281,,3.0,0.51,52257.96,Thermal Pad Pink 228.60mm x 228.60mm Square,1467.05,228.6,228.6,
TP-0194,Thermal Pad,Laird Technologies - Thermal Materials,A18330-04,158.24,0.1537,,34.0,1.0,9652.0,Thermal Pad Gray 127.00mm x 76.00mm Rectangular,1483.95,127.0,76.0,
TP-0195,Thermal Pad,Wakefield Thermal,PLX-1-8-76x127-40,163.37,0.1587,,8.0,1.0,9652.0,"Thermal Interface Products ulTIMiFlux Gap Pad, Silicone, 1mm Thickness, 8 W/mK, 76x127mm, Grey",1532.05,76.0,127.0,
TP-0196,Thermal Pad,t-Global Technology,TG-APC94-150-150-2.0-0,71.08,0.0691,,4.0,2.01,22500.0,Thermal Pad Red 150.00mm x 150.00mm Square,1553.83,150.0,150.0,
TP-0197,Thermal Pad,Laird Technologies - Thermal Materials,A15340-01,31.27,0.0304,,1.2,5.08,52257.96,Thermal Pad Green 228.60mm x 228.60mm Square,1587.95,228.6,228.6,
TP-0198,Thermal Pad,Laird Technologies - Thermal Materials,A10832-02,31.86,0.031,,2.2,0.25,52257.96,Thermal Pad Yellow 228.60mm x 228.60mm Square Tacky - Both Sides,1617.53,228.6,228.6,
TP-0199,Thermal Pad,Bergquist,GP1500-0.125-02-0816,20.41,0.0198,,1.5,3.18,82580.48,Thermal Pad Black 406.40mm x 203.20mm Rectangular Tacky - Both Sides,1638.0,406.4,203.2,
TP-0200,Thermal Pad,Laird Technologies - Thermal Materials,A10464-10,6.06,0.0059,,5.0,0.51,278709.12,Thermal Pad Gray 609.60mm x 457.20mm Rectangular Adhesive - One Side,1641.9,609.6,457.2,
TP-0201,Thermal Pad,3M,5583S 210 MM X 300 MM X 2.0 MM,27.48,0.0267,,1.0,2.01,63000.0,Thermal Pad White 300.00mm x 210.00mm Rectangular Tacky - One Side,1682.2,300.0,210.0,
TP-0202,Thermal Pad,Laird Technologies - Thermal Materials,A18213-02,33.08,0.0321,,10.0,0.5,52441.0,Thermal Pad Gray 229.00mm x 229.00mm Square,1685.45,229.0,229.0,
TP-0203,Thermal Pad,t-Global Technology,TG-A1450-100-100-1.0,175.38,0.1704,,14.5,1.0,10000.0,Thermal Pad Red 100.00mm x 100.00mm Square,1703.98,100.0,100.0,
TP-0204,Thermal Pad,Laird Technologies - Thermal Materials,A17653-04,33.8,0.0328,,5.0,1.02,52257.96,Thermal Pad Pink 228.60mm x 228.60mm Square Tacky - Both Sides,1716.0,228.6,228.6,
TP-0205,Thermal Pad,t-Global Technology,TG-A1250-100-100-2.0,176.71,0.1717,,12.5,2.01,10000.0,Thermal Pad Green 100.00mm x 100.00mm Square,1716.98,100.0,100.0,
TP-0206,Thermal Pad,Laird Technologies - Thermal Materials,A10092-01,42.98,0.0418,,6.0,0.25,41290.24,Thermal Pad Pink 203.20mm x 203.20mm Square,1724.13,203.2,203.2,
TP-0207,Thermal Pad,Bergquist Company,TGP 40000SF-0.020-00-0406,74202.27,72.0958,,40.0,0.51,24.0,"Thermal Interface Products GAP PAD, Sil-Free, 40W/m-K, 4x6"" Sheet, 0.020"" Thickness, Thermexit, IDH 2972783",1730.3,4.0,6.0,
TP-0208,Thermal Pad,Laird Technologies - Thermal Materials,A15340-03,34.17,0.0332,,1.2,5.08,52257.96,Thermal Pad Green 228.60mm x 228.60mm Square Tacky - One Side,1735.18,228.6,228.6,
TP-0209,Thermal Pad,Laird Technologies - Thermal Materials,A16367-02,36.57,0.0355,,2.8,0.51,49354.74,Thermal Pad Pink 228.60mm x 215.90mm Rectangular Tacky - One Side,1753.7,228.6,215.9,
TP-0210,Thermal Pad,3M,5519 210 MM X 155 MM X 1.0 MM,56.45,0.0548,,4.9,0.99,32550.0,Thermal Pad Gray 210.00mm x 155.00mm Rectangular Tacky - Both Sides,1785.23,210.0,155.0,
TP-0211,Thermal Pad,Bergquist,GP1000SF-0.020-02-0816,22.44,0.0218,,0.9,0.51,82580.48,Thermal Pad Green 406.40mm x 203.20mm Rectangular Tacky - Both Sides,1800.5,406.4,203.2,
TP-0212,Thermal Pad,t-Global Technology,TG-A1660-125-125-0.5,121.49,0.118,,16.6,0.51,15625.0,Thermal Pad Gray 125.00mm x 125.00mm Square,1844.38,125.0,125.0,
TP-0213,Thermal Pad,t-Global Technology,TG-A486G-150-150-2.0-1A,84.71,0.0823,,6.3,2.01,22500.0,Thermal Pad Gray 150.00mm x 150.00mm Square Adhesive - One Side,1851.85,150.0,150.0,
TP-0214,Thermal Pad,Laird Technologies - Thermal Materials,A17690-04,36.98,0.0359,,5.0,1.02,52257.96,Thermal Pad Pink 228.60mm x 228.60mm Square Tacky - One Side,1877.53,228.6,228.6,
TP-0215,Thermal Pad,Parker Chomerics,62-02-0909-A579,37.77,0.0367,,3.0,0.51,52257.96,Thermal Pad Pink 228.60mm x 228.60mm Square Adhesive - One Side,1917.83,228.6,228.6,
TP-0216,Thermal Pad,Laird Technologies - Thermal Materials,A18238-02,38.05,0.037,,10.0,0.51,52441.0,Thermal Pad Gray 229.00mm x 229.00mm Square Tacky - One Side,1938.95,229.0,229.0,
TP-0217,Thermal Pad,t-Global Technology,TG-A1250-150-150-1.0,88.75,0.0862,,12.5,1.0,22500.0,Thermal Pad Green 150.00mm x 150.00mm Square,1940.25,150.0,150.0,
TP-0218,Thermal Pad,Wakefield Thermal,PL-1-10-76X127-55,207.32,0.2014,,10.0,1.0,9677.4,"Thermal Interface Products ulTIMiFlux Gap Pad, Silicone, 1mm Thickness, 10 W/mK, 76.2x127mm, Grey",1949.35,76.2,127.0,
TP-0219,Thermal Pad,Bergquist,GPVOUS-0.100-01-0816,24.38,0.0237,,1.0,2.54,82580.48,Thermal Pad Pink 406.40mm x 203.20mm Rectangular Tacky - One Side,1955.85,406.4,203.2,
TP-0220,Thermal Pad,3M,5516-10,27.39,0.0266,,3.1,0.99,73600.0,Thermal Pad Gray 320.00mm x 230.00mm Rectangular Tacky - Both Sides,1958.78,320.0,230.0,
TP-0221,Thermal Pad,Taica North America Corporation,COH-3114LVC-200-10,50.91,0.0495,,3.1,0.99,40000.0,Thermal Pad Gray 200.00mm x 200.00mm Square Tacky - Both Sides,1978.6,200.0,200.0,
TP-0222,Thermal Pad,Bergquist,GPHC3.0-0.020-02-0816,25.23,0.0245,,3.0,0.51,82580.48,Thermal Pad Blue 406.40mm x 203.20mm Rectangular Tacky - Both Sides,2024.43,406.4,203.2,
TP-0223,Thermal Pad,Taica North America Corporation,COH-4065LVC-200-20,53.13,0.0516,,2.2,2.01,40000.0,Thermal Pad Reddish Brown 200.00mm x 200.00mm Square Tacky - Both Sides,2065.05,200.0,200.0,
TP-0224,Thermal Pad,Bergquist,GP5000S35-0.020-02-0816,25.77,0.025,,5.0,0.51,82580.48,Thermal Pad Green 406.40mm x 203.20mm Rectangular Tacky - Both Sides,2067.65,406.4,203.2,
TP-0225,Thermal Pad,Laird Technologies - Thermal Materials,A12618-01,41.43,0.0403,,3.0,1.02,52257.96,Thermal Pad Blue-Violet 228.60mm x 228.60mm Square Tacky - Both Sides,2103.73,228.6,228.6,
TP-0226,Thermal Pad,t-Global Technology,TG-A1250-100-100-2.5,217.59,0.2114,,12.5,2.5,10000.0,Thermal Pad Green 100.00mm x 100.00mm Square,2114.13,100.0,100.0,
TP-0227,Thermal Pad,Parker Chomerics,61-04-0909-G579,42.31,0.0411,,3.0,1.02,52257.96,Thermal Pad Pink 228.60mm x 228.60mm Square,2148.25,228.6,228.6,
TP-0228,Thermal Pad,Parker Chomerics,61-04-0909-HCS10G,42.35,0.0411,,1.0,1.02,52257.96,Thermal Pad Orange 228.60mm x 228.60mm Square,2150.2,228.6,228.6,
TP-0229,Thermal Pad,Laird Technologies - Thermal Materials,A14412-01,42.55,0.0413,,3.0,1.02,52257.96,Thermal Pad Blue-Violet 228.60mm x 228.60mm Square Tacky - One Side,2160.6,228.6,228.6,
TP-0230,Thermal Pad,Bergquist,2191193,27.18,0.0264,,1.0,3.18,82580.48,Thermal Pad Pink 406.40mm x 203.20mm Rectangular Tacky - One Side,2181.08,406.4,203.2,
TP-0231,Thermal Pad,Bergquist Company,TGP40000SF-0.020-01-0406-NA,93881.76,91.2167,,40.0,0.51,24.0,"Thermal Interface Products GAP PAD, Sil-Free, 40W/m-K, 4 x 6"" Sheet, Tacky Pad, 0.020"" Thickness, Thermexit",2189.2,4.0,6.0,
TP-0232,Thermal Pad,t-Global Technology,TG-A6200-310-310-0.5,23.46,0.0228,,6.2,0.5,96100.0,Thermal Pad Blue 310.00mm x 310.00mm Square Tacky - Both Sides,2190.83,310.0,310.0,
TP-0233,Thermal Pad,Wakefield Thermal,PLX-1-3-210X310-30,35.0,0.034,,3.0,1.0,65100.0,"Thermal Interface Products ulTIMiFlux Gap Pad, Silicone, 1mm Thickness, 3 W/m-K, 210x310mm, Blue",2213.58,210.0,310.0,
TP-0234,Thermal Pad,t-Global Technology,TG-A1660-100-100-1.0,240.34,0.2335,,16.6,1.0,10000.0,Thermal Pad Gray 100.00mm x 100.00mm Square,2335.13,100.0,100.0,
TP-0235,Thermal Pad,Laird Technologies - Thermal Materials,A10080-01,58.38,0.0567,,6.0,0.51,41290.24,Thermal Pad Blue 203.20mm x 203.20mm Square,2341.95,203.2,203.2,
TP-0236,Thermal Pad,Wakefield Thermal Solutions,PL-1-12-76X127-75,255.64,0.2484,,12.0,1.0,9677.4,Thermal Pad Gray 127.00mm x 76.20mm Rectangular Tacky - One Side,2403.7,127.0,76.2,
TP-0237,Thermal Pad,Parker Chomerics,62-04-0909-A579,48.16,0.0468,,3.0,1.02,52257.96,Thermal Pad Pink 228.60mm x 228.60mm Square Adhesive - One Side,2445.3,228.6,228.6,
TP-0238,Thermal Pad,t-Global Technology,TG-A4500-310-310-1.0,26.2,0.0255,,4.5,1.0,96100.0,Thermal Pad Purple 310.00mm x 310.00mm Square Tacky - Both Sides,2446.28,310.0,310.0,
TP-0239,Thermal Pad,3M,5519 210 MM X 155 MM X 2.0 MM,78.16,0.0759,,4.9,2.01,32550.0,Thermal Pad Gray 210.00mm x 155.00mm Rectangular Tacky - Both Sides,2471.95,210.0,155.0,
TP-0240,Thermal Pad,Laird Technologies - Thermal Materials,A10538-17,48.86,0.0475,,3.0,0.51,52257.96,Thermal Pad White 228.60mm x 228.60mm Square Tacky - Both Sides,2480.73,228.6,228.6,
TP-0241,Thermal Pad,t-Global Technology,TG-A1250-100-100-3.0,258.03,0.2507,,12.5,3.0,10000.0,Thermal Pad Green 100.00mm x 100.00mm Square,2507.05,100.0,100.0,
TP-0242,Thermal Pad,Bergquist,GPHC5.0-0.020-02-0816,32.86,0.0319,,5.0,0.51,82580.48,Thermal Pad Gray 406.40mm x 203.20mm Rectangular Tacky - Both Sides,2636.73,406.4,203.2,
TP-0243,Thermal Pad,Laird Technologies - Thermal Materials,A17690-06,53.1,0.0516,,5.0,1.52,52257.96,Thermal Pad Pink 228.60mm x 228.60mm Square Tacky - One Side,2696.2,228.6,228.6,
TP-0244,Thermal Pad,Laird Technologies - Thermal Materials,A12619-01,54.66,0.0531,,3.0,1.27,52257.96,Thermal Pad Blue-Violet 228.60mm x 228.60mm Square Tacky - Both Sides,2775.18,228.6,228.6,
TP-0245,Thermal Pad,t-Global Technology,TG-A1250-150-150-1.5,129.2,0.1255,,12.5,1.5,22500.0,Thermal Pad Green 150.00mm x 150.00mm Square,2824.58,150.0,150.0,
TP-0246,Thermal Pad,3M,5549S 210 MM X 155MM X 1.5MM,89.69,0.0871,,3.5,1.5,32550.0,Thermal Pad Gray 210.00mm x 155.00mm Rectangular Tacky - One Side,2836.6,210.0,155.0,
TP-0247,Thermal Pad,Laird Technologies - Thermal Materials,A16104-10,55.94,0.0544,,3.0,2.54,52257.96,Thermal Pad Gray 228.60mm x 228.60mm Square Tacky - Both Sides,2840.5,228.6,228.6,
TP-0248,Thermal Pad,Laird Technologies - Thermal Materials,A17653-07,56.36,0.0548,,5.0,1.78,52257.96,Thermal Pad Pink 228.60mm x 228.60mm Square Tacky - Both Sides,2861.63,228.6,228.6,
TP-0249,Thermal Pad,Wakefield Thermal,PLX-1-12-76X127-58,310.93,0.3021,,12.0,1.0,9652.0,"Thermal Interface Products ulTIMiFlux Gap Pad, Silicone, 1mm Thickness, 12 W/mK, 76x127mm, Grey",2915.9,76.0,127.0,
TP-0250,Thermal Pad,Wakefield Thermal,PLF-1-8-76X127-70,311.81,0.303,,8.0,1.0,9677.4,"Thermal Interface Products ulTIMiFlux Gap Pad, Silicone-Free, 1mm Thickness, 8 W/mK, 76.2x127mm, Grey",2931.83,76.2,127.0,
TP-0251,Thermal Pad,Bergquist Company,TGP7000ULM-0.040-02-0808,74.44,0.0723,,7.0,1.02,41290.24,"Thermal Interface Products GAP PAD, 7W/m-K, 8"" x 8"" Sheet, 0.040"" Thickness, TGP7000ULM, IDH 2261480",2986.43,203.2,203.2,
TP-0252,Thermal Pad,t-Global Technology,TG-A1780-125-125-0.5,198.9,0.1933,,18.0,0.5,15625.0,Thermal Pad Gray 125.00mm x 125.00mm Square,3019.58,125.0,125.0,
TP-0253,Thermal Pad,t-Global Technology,TG-A1250-250-250-0.5,49.93,0.0485,,12.5,0.5,62500.0,Thermal Pad Green 250.00mm x 250.00mm Square,3031.93,250.0,250.0,
TP-0254,Thermal Pad,Laird Technologies - Thermal Materials,A12620-34,59.93,0.0582,,3.0,1.52,52257.96,Thermal Pad Blue-Violet 228.60mm x 228.60mm Square Tacky - One Side,3042.98,228.6,228.6,
TP-0255,Thermal Pad,Laird Technologies - Thermal Materials,A17883-04,61.12,0.0594,,6.0,1.02,52257.96,Thermal Pad Teal 228.60mm x 228.60mm Square,3103.1,228.6,228.6,
TP-0256,Thermal Pad,Bergquist Company,TGP7000ULM-0.020-02-0808,81.03,0.0787,,7.0,0.51,41290.24,"Thermal Interface Products GAP PAD, 7W/m-K, 8"" x 8"" Sheet, 0.020"" Thickness, TGP7000ULM, IDH 2563017",3250.65,203.2,203.2,
TP-0257,Thermal Pad,t-Global Technology,TG-A1450-100-100-2.0,335.9,0.3264,,14.5,2.01,10000.0,Thermal Pad Red 100.00mm x 100.00mm Square,3263.65,100.0,100.0,
TP-0258,Thermal Pad,Bergquist,GPHC5.0-0.060-02-0816,42.47,0.0413,,5.0,1.52,82580.48,Thermal Pad Gray 406.40mm x 203.20mm Rectangular Tacky - Both Sides,3407.3,406.4,203.2,
TP-0259,Thermal Pad,t-Global Technology,TG-A6200-310-310-1.0,36.84,0.0358,,6.2,1.0,96100.0,Thermal Pad Blue 310.00mm x 310.00mm Square Tacky - Both Sides,3440.13,310.0,310.0,
TP-0260,Thermal Pad,Laird Technologies - Thermal Materials,A18213-04,68.55,0.0666,,10.0,1.0,52441.0,Thermal Pad Gray 229.00mm x 229.00mm Square,3492.78,229.0,229.0,
TP-0261,Thermal Pad,Laird Technologies - Thermal Materials,A18171-05,17.39,0.0169,,7.5,0.12,209031.84,Thermal Pad Gray 457.20mm x 457.20mm Square Tacky - Both Sides,3532.1,457.2,457.2,
TP-0262,Thermal Pad,Parker Chomerics,61-06-0909-G579,70.94,0.0689,,3.0,1.52,52257.96,Thermal Pad Pink 228.60mm x 228.60mm Square,3601.98,228.6,228.6,
TP-0263,Thermal Pad,Laird Technologies - Thermal Materials,A18171-08,17.99,0.0175,,7.5,0.2,209031.84,Thermal Pad Gray 457.20mm x 457.20mm Square Tacky - Both Sides,3653.32,457.2,457.2,
TP-0264,Thermal Pad,t-Global Technology,TG-A1250-150-150-2.0,168.82,0.164,,12.5,2.01,22500.0,Thermal Pad Green 150.00mm x 150.00mm Square,3690.7,150.0,150.0,
TP-0265,Thermal Pad,Wakefield Thermal,PLX-1-5-210X310-40,58.8,0.0571,,5.0,1.0,65100.0,"Thermal Interface Products ulTIMiFlux Gap Pad, Silicone, 1mm Thickness, 5 W/m-K, 210x310mm, Grey",3718.98,210.0,310.0,
TP-0266,Thermal Pad,Parker Chomerics,61-06-1015-PAD60,40.12,0.039,,6.0,1.52,96774.0,Thermal Pad Green 381.00mm x 254.00mm Rectangular,3772.28,381.0,254.0,
TP-0267,Thermal Pad,Taica North America Corporation,COH-4000LVC-400-05,24.51,0.0238,,2.3,0.51,160000.0,Thermal Pad Gray 400.00mm x 400.00mm Square Tacky - Both Sides,3810.63,400.0,400.0,
TP-0268,Thermal Pad,Laird Technologies - Thermal Materials,A17883-06,75.74,0.0736,,6.0,1.52,52257.96,Thermal Pad Teal 228.60mm x 228.60mm Square,3845.73,228.6,228.6,
TP-0269,Thermal Pad,Parker Chomerics,62-06-0909-A579,77.26,0.0751,,3.0,1.52,52257.96,Thermal Pad Pink 228.60mm x 228.60mm Square Adhesive - One Side,3922.75,228.6,228.6,
TP-0270,Thermal Pad,Laird Technologies - Thermal Materials,A11809-02,19.41,0.0189,,0.7,0.13,209031.84,Thermal Pad Yellow 457.20mm x 457.20mm Square Tacky - Both Sides,3941.28,457.2,457.2,
TP-0271,Thermal Pad,Laird Technologies - Thermal Materials,A18171-10,19.59,0.019,,7.5,0.25,209031.84,Thermal Pad Gray 457.20mm x 457.20mm Square Tacky - Both Sides,3978.89,457.2,457.2,
TP-0272,Thermal Pad,Laird Technologies - Thermal Materials,A10233-30,81.29,0.079,,3.0,1.02,52257.96,Thermal Pad White 228.60mm x 228.60mm Square Tacky - Both Sides,4127.5,228.6,228.6,
TP-0273,Thermal Pad,Laird Technologies - Thermal Materials,A17156-06,21.01,0.0204,,2.7,1.52,209031.84,Thermal Pad Pink 457.20mm x 457.20mm Square Tacky - Both Sides,4266.28,457.2,457.2,
TP-0274,Thermal Pad,Parker Chomerics,61-08-0909-G579,85.5,0.0831,,3.0,2.03,52257.96,Thermal Pad Pink 228.60mm x 228.60mm Square,4341.35,228.6,228.6,
TP-0275,Thermal Pad,Bergquist Company,TGP6000ULM-0.040-12-0816,54.22,0.0527,,6.0,1.02,82580.48,"Thermal Interface Products GAP PAD, 6W/m-K, 8"" x 16"" Sheet, 0.040"" Thickness, TGP6000ULM, IDH 2195666",4350.78,203.2,406.4,
TP-0276,Thermal Pad,Laird Technologies - Thermal Materials,A18171-16,21.48,0.0209,,7.5,0.4,209031.84,Thermal Pad Gray 457.20mm x 457.20mm Square Tacky - Both Sides,4363.45,457.2,457.2,
TP-0277,Thermal Pad,Parker Chomerics,61-04-1015-PAD80G,48.56,0.0472,,8.3,1.02,96774.0,Thermal Pad Dark Gray 381.00mm x 254.00mm Rectangular,4565.93,381.0,254.0,
TP-0278,Thermal Pad,Parker Chomerics,61-08-1015-PAD60,49.62,0.0482,,6.0,2.03,96774.0,Thermal Pad Green 381.00mm x 254.00mm Rectangular,4666.03,381.0,254.0,
TP-0279,Thermal Pad,Laird Technologies - Thermal Materials,A12624-01,92.08,0.0895,,3.0,2.54,52257.96,Thermal Pad Blue-Violet 228.60mm x 228.60mm Square Tacky - Both Sides,4675.45,228.6,228.6,
TP-0280,Thermal Pad,Laird Technologies - Thermal Materials,A18213-06,91.8,0.0892,,10.0,1.5,52441.0,Thermal Pad Gray 229.00mm x 229.00mm Square,4677.4,229.0,229.0,
TP-0281,Thermal Pad,Laird Technologies - Thermal Materials,A12616-08,23.67,0.023,,3.0,0.51,209031.84,Thermal Pad Blue-Violet 457.20mm x 457.20mm Square Tacky - Both Sides,4806.43,457.2,457.2,
TP-0282,Thermal Pad,Laird Technologies - Thermal Materials,A10832-09,23.79,0.0231,,2.2,0.25,209031.84,Thermal Pad Yellow 457.20mm x 457.20mm Square Tacky - Both Sides,4831.02,457.2,457.2,
TP-0283,Thermal Pad,Laird Technologies - Thermal Materials,A15896-05,96.88,0.0941,,5.0,1.27,52257.96,Thermal Pad Gray 228.60mm x 228.60mm Square Tacky - Both Sides,4918.88,228.6,228.6,
TP-0284,Thermal Pad,Laird Technologies - Thermal Materials,A15726-00,24.32,0.0236,,3.8,0.25,209031.84,Thermal Pad Gray 457.20mm x 457.20mm Square Tacky - Both Sides,4940.0,457.2,457.2,
TP-0285,Thermal Pad,t-Global Technology,TG-A1450-250-250-0.5,82.36,0.08,,14.5,0.5,62500.0,Thermal Pad Red 250.00mm x 250.00mm Square,5001.1,250.0,250.0,
TP-0286,Thermal Pad,Bergquist Company,TGP7000ULM-0.060-02-0808,125.02,0.1215,,7.0,1.52,41290.24,"Thermal Interface Products GAP PAD, 7W/m-K, 8"" x 8"" Sheet, 0.060"" Thickness, TGP7000ULM, IDH 2474875",5015.73,203.2,203.2,
TP-0287,Thermal Pad,Laird Technologies - Thermal Materials,A17752-04,98.92,0.0961,,7.5,1.02,52257.96,Thermal Pad Gray 228.60mm x 228.60mm Square Tacky - Both Sides,5022.55,228.6,228.6,
TP-0288,Thermal Pad,Parker Chomerics,61-10-0808-T500,126.07,0.1225,,2.1,0.25,41290.24,Thermal Pad Green 203.20mm x 203.20mm Square,5057.65,203.2,203.2,
TP-0289,Thermal Pad,Parker Chomerics,61-06-1015-PAD80G,53.86,0.0523,,8.3,1.52,96774.0,Thermal Pad Dark Gray 381.00mm x 254.00mm Rectangular,5063.83,381.0,254.0,
TP-0290,Thermal Pad,Parker Chomerics,62-10-0909-A579,101.5,0.0986,,3.0,2.54,52257.96,Thermal Pad Pink 228.60mm x 228.60mm Square Adhesive - One Side,5153.53,228.6,228.6,
TP-0291,Thermal Pad,Bergquist,SPA2000-0.015-00-1012-NA,68.87,0.0669,,3.0,0.38,77419.2,Thermal Pad White 304.80mm x 254.00mm Rectangular,5180.18,304.8,254.0,
TP-0292,Thermal Pad,Laird Technologies - Thermal Materials,A18444-04,102.3,0.0994,,7.5,1.02,52257.96,Thermal Pad Gray 228.60mm x 228.60mm Square,5194.48,228.6,228.6,
TP-0293,Thermal Pad,Bergquist,GPHC3.0-0.125-02-0816,64.91,0.0631,,3.0,3.18,82580.48,Thermal Pad Blue 406.40mm x 203.20mm Rectangular Tacky - Both Sides,5208.13,406.4,203.2,
TP-0294,Thermal Pad,Parker Chomerics,62-03-1015-PAD80A,57.11,0.0555,,8.3,0.76,96774.0,Thermal Pad Dark Gray 381.00mm x 254.00mm Rectangular Adhesive - One Side,5370.3,381.0,254.0,
TP-0295,Thermal Pad,Bergquist,GPTGP7000ULM-0.100-02-0808,133.96,0.1302,,7.0,2.54,41290.24,Thermal Pad Gray 203.20mm x 203.20mm Square Tacky - Both Sides,5374.2,203.2,203.2,
TP-0296,Thermal Pad,Parker Chomerics,61-10-0909-G579,106.46,0.1034,,3.0,2.54,52257.96,Thermal Pad Pink 228.60mm x 228.60mm Square,5405.4,228.6,228.6,
TP-0297,Thermal Pad,Parker Chomerics,62-04-1015-PAD80A,57.89,0.0562,,8.3,1.02,96774.0,Thermal Pad Dark Gray 381.00mm x 254.00mm Rectangular Adhesive - One Side,5442.78,381.0,254.0,
TP-0298,Thermal Pad,Bergquist Company,TGP 40000SF-0.040-00-0606,158978.32,154.4653,,40.0,1.02,36.0,"Thermal Interface Products GAP PAD, Sil-Free, 40W/m-K, 6x6"" Sheet, 0.040"" Thickness, Thermexit, IDH 2972782",5560.75,6.0,6.0,
TP-0299,Thermal Pad,Laird Technologies - Thermal Materials,A10235-31,111.51,0.1083,,3.0,1.52,52257.96,Thermal Pad White 228.60mm x 228.60mm Square Tacky - Both Sides,5661.83,228.6,228.6,
TP-0300,Thermal Pad,Bergquist Company,TGP12000ULM-0.040-00-0808,142.53,0.1385,,12.0,1.02,41290.24,"Thermal Interface Products GAP PAD, 12W/m-K, Ultra-Low Modulus, 8""x8"" Sheet, 0.040"" Thickness, TGP12000ULM",5718.05,203.2,203.2,
TP-0301,Thermal Pad,Laird Technologies - Thermal Materials,A18500-01,31.82,0.0309,,5.0,0.25,186451.24,Thermal Pad White 431.80mm x 431.80mm Rectangular,5765.18,431.8,431.8,
TP-0302,Thermal Pad,Laird Technologies - Thermal Materials,A18213-08,114.73,0.1115,,10.2,2.01,52441.0,Thermal Pad Gray 229.00mm x 229.00mm Square,5845.78,229.0,229.0,
TP-0303,Thermal Pad,Bergquist,GP3000S30-0.125-02-0816,73.13,0.0711,,3.0,3.18,82580.48,Thermal Pad Blue 406.40mm x 203.20mm Rectangular Tacky - Both Sides,5867.55,406.4,203.2,
TP-0304,Thermal Pad,Laird Technologies - Thermal Materials,A17752-05,115.75,0.1125,,7.5,1.25,52257.96,Thermal Pad Gray 228.60mm x 228.60mm Square Tacky - Both Sides,5876.98,228.6,228.6,
TP-0305,Thermal Pad,Bergquist,GPHC5.0-0.100-02-0816,73.31,0.0712,,5.0,2.54,82580.48,Thermal Pad Gray 406.40mm x 203.20mm Rectangular Tacky - Both Sides,5882.18,406.4,203.2,
TP-0306,Thermal Pad,Bergquist Company,TGP6000ULM-0.060-12-0816,75.23,0.0731,,6.0,1.52,82580.48,"Thermal Interface Products GAP PAD, 6W/m-K, 8"" x 16"" Sheet, 0.060"" Thickness, TGP6000ULM, IDH 2195667",6036.23,203.2,406.4,
TP-0307,Thermal Pad,Bergquist Company,TGP7000ULM-0.080-02-0808,152.13,0.1478,,7.0,2.03,41290.24,"Thermal Interface Products GAP PAD, 7W/m-K, 8"" x 8"" Sheet, 0.080"" Thickness, TGP7000ULM, IDH 2474885",6103.18,203.2,203.2,
TP-0308,Thermal Pad,Bergquist Company,TGP40000SF-0.040-01-0606-NA,174885.44,169.9208,,40.0,1.02,36.0,"Thermal Interface Products GAP PAD, Sil-Free, 40W/m-K, 6 x 6"" Sheet, Tacky Pad, 0.040"" Thickness, Thermexit",6117.15,6.0,6.0,
TP-0309,Thermal Pad,Laird Technologies - Thermal Materials,A17536-04,31.26,0.0304,,5.0,1.02,209031.84,Thermal Pad Pink 457.20mm x 457.20mm Square Tacky - Both Sides,6348.23,457.2,457.2,
TP-0310,Thermal Pad,Laird Technologies - Thermal Materials,A17690-13,125.05,0.1215,,5.0,3.3,52257.96,Thermal Pad Pink 228.60mm x 228.60mm Square Tacky - One Side,6349.2,228.6,228.6,
TP-0311,Thermal Pad,t-Global Technology,TG-A1780-150-150-0.8,297.55,0.2891,,17.8,0.79,22500.0,Thermal Pad Gray 150.00mm x 150.00mm Square,6504.88,150.0,150.0,
TP-0312,Thermal Pad,Parker Chomerics,61-15-0808-1671,163.25,0.1586,,2.6,0.38,41290.24,Thermal Pad White 203.20mm x 203.20mm Square,6549.4,203.2,203.2,
TP-0313,Thermal Pad,Laird Technologies - Thermal Materials,A12617-25,32.91,0.032,,3.0,0.76,209031.84,Thermal Pad Blue-Violet 457.20mm x 457.20mm Square Tacky - Both Sides,6683.63,457.2,457.2,
TP-0314,Thermal Pad,Aavid,SuperThermal-B132-10-02-1500-1500,306.64,0.2979,,13.2,1.0,22500.0,"Thermal Interface Products SuperThermal Pad, 13.2 W/mK Conductivity, 1mm Thick, 2-Side Adhesive, 150x150mm",6703.45,150.0,150.0,
TP-0315,Thermal Pad,Laird Technologies - Thermal Materials,A17752-06,132.45,0.1287,,7.5,1.5,52257.96,Thermal Pad Gray 228.60mm x 228.60mm Square Tacky - Both Sides,6724.9,228.6,228.6,
TP-0316,Thermal Pad,Parker Chomerics,62-15-0808-1671,168.39,0.1636,,2.6,0.38,41290.24,Thermal Pad White 203.20mm x 203.20mm Square,6755.45,203.2,203.2,
TP-0317,Thermal Pad,t-Global Technology,TG-A1660-250-250-0.5,112.34,0.1091,,16.6,0.5,62500.0,Thermal Pad Gray 250.00mm x 250.00mm Square,6821.75,250.0,250.0,
TP-0318,Thermal Pad,Bergquist Company,TGP 40000SF-0.060-00-0606,195875.18,190.3147,,40.0,1.52,36.0,"Thermal Interface Products GAP PAD, Sil-Free, 40W/m-K, 6x6"" Sheet, 0.060"" Thickness, Thermexit, IDH 2972780",6851.33,6.0,6.0,
TP-0319,Thermal Pad,Bergquist Company,TGP12000ULM-0.060-00-0808,175.62,0.1706,,12.0,1.52,41290.24,"Thermal Interface Products GAP PAD, 12W/m-K, Ultra-Low Modulus, 8""x8"" Sheet, 0.060"" Thickness, TGP12000ULM",7045.35,203.2,203.2,
TP-0320,Thermal Pad,Laird Technologies - Thermal Materials,A10237-21,142.96,0.1389,,3.0,2.03,52257.96,Thermal Pad White 228.60mm x 228.60mm Square Tacky - Both Sides,7258.55,228.6,228.6,
TP-0321,Thermal Pad,Parker Chomerics,61-08-1015-PAD80G,78.1,0.0759,,8.3,2.03,96774.0,Thermal Pad Dark Gray 381.00mm x 254.00mm Rectangular,7343.38,381.0,254.0,
TP-0322,Thermal Pad,Bergquist Company,2722287,186.02,0.1807,,12.0,1.02,41290.24,"Thermal Interface Products GAP PAD, 12 W/m-K, Ultra-Low Modulus, 8"" x 8"" Sheet, 0.040"" Thickness",7462.65,203.2,203.2,
TP-0323,Thermal Pad,Bergquist Company,TGP40000SF-0.060-01-0606-NA,215470.9,209.3542,,40.0,1.52,36.0,"Thermal Interface Products GAP PAD, Sil-Free, 40W/m-K, 6 x 6"" Sheet, Tacky Pad, 0.060"" Thickness, Thermexit",7536.75,6.0,6.0,
TP-0324,Thermal Pad,Bergquist Company,GP7000ULM-0.100-02-0808,190.29,0.1849,,7.0,2.54,41290.24,"Thermal Interface Products GAP PAD, Silicone Thermal Interface, 7 W/m-K Thermal Conductivity, Ultra-Low Modulus, 8"" x 8"" Sheet, 0.100"" Thickness, GAP PAD TGP 7000ULM Series, IDH 2474876",7633.93,203.2,203.2,
TP-0325,Thermal Pad,Laird Technologies - Thermal Materials,A10833-06,38.32,0.0372,,2.2,0.51,209031.84,Thermal Pad Yellow 457.20mm x 457.20mm Square Tacky - Both Sides,7783.1,457.2,457.2,
TP-0326,Thermal Pad,Bergquist,SP2000-0.020-00-1212,87.36,0.0849,,3.5,0.51,92903.04,Thermal Pad White 304.80mm x 304.80mm Square,7885.8,304.8,304.8,
TP-0327,Thermal Pad,t-Global Technology,TG-A1250-310-310-1.0,85.56,0.0831,,12.5,1.0,96100.0,Thermal Pad Green 310.00mm x 310.00mm Square,7988.5,310.0,310.0,
TP-0328,Thermal Pad,t-Global Technology,TG-A1780-150-150-1.0,366.04,0.3557,,17.8,1.0,22500.0,Thermal Pad Gray 150.00mm x 150.00mm Square,8002.15,150.0,150.0,
TP-0329,Thermal Pad,Bergquist Company,TGP10000ULM-0.040-02-0808,200.96,0.1953,,10.0,1.02,41290.24,"Thermal Interface Products GAP PAD, 10W/m-K, 8"" x 8"" Sheet, 0.040"" Thickness, TGP10000ULM, IDH 2591008",8062.28,203.2,203.2,
TP-0330,Thermal Pad,Bergquist Company,TGP 40000SF-0.080-00-0606,232994.75,226.3806,,40.0,2.03,36.0,"Thermal Interface Products GAP PAD, Sil-Free, 40W/m-K, 6x6"" Sheet, 0.080"" Thickness, Thermexit, IDH 2972781",8149.7,6.0,6.0,
TP-0331,Thermal Pad,Laird Technologies - Thermal Materials,A17752-08,165.49,0.1608,,7.5,2.01,52257.96,Thermal Pad Gray 228.60mm x 228.60mm Square Tacky - Both Sides,8402.55,228.6,228.6,
TP-0332,Thermal Pad,Bergquist Company,TGP12000ULM-0.080-00-0808,213.63,0.2076,,12.0,2.03,41290.24,"Thermal Interface Products GAP PAD, 12W/m-K, Ultra-Low Modulus, 8""x8"" Sheet, 0.080"" Thickness, TGP12000ULM",8570.58,203.2,203.2,
TP-0333,Thermal Pad,Bergquist Company,TGP40000SF-0.080-01-0606-NA,253603.4,246.4042,,40.0,2.03,36.0,"Thermal Interface Products GAP PAD, Sil-Free, 40W/m-K, 6 x 6"" Sheet, Tacky Pad, 0.080"" Thickness, Thermexit",8870.55,6.0,6.0,
TP-0334,Thermal Pad,Parker Chomerics,62-08-1015-PAD80A,94.84,0.0921,,8.3,2.03,96774.0,Thermal Pad Dark Gray 381.00mm x 254.00mm Rectangular Adhesive - One Side,8917.35,381.0,254.0,
TP-0335,Thermal Pad,Laird Technologies - Thermal Materials,A18213-10,179.49,0.1744,,10.0,2.5,52441.0,Thermal Pad Gray 229.00mm x 229.00mm Square,9145.5,229.0,229.0,
TP-0336,Thermal Pad,Bergquist Company,2722288,228.07,0.2216,,12.0,1.52,41290.24,"Thermal Interface Products GAP PAD, 12 W/m-K, Ultra-Low Modulus, 8"" x 8"" Sheet, 0.060"" Thickness",9149.73,203.2,203.2,
TP-0337,Thermal Pad,Bergquist Company,TGP7000ULM-0.125-02-0808,233.28,0.2267,,7.0,3.18,41290.24,"Thermal Interface Products GAP PAD, 7W/m-K, 8"" x 8"" Sheet, 0.125"" Thickness, TGP7000ULM, IDH 2474886",9358.7,203.2,203.2,
TP-0338,Thermal Pad,Bergquist,GP3004SF-0.040-01-0918,98.35,0.0956,,3.0,1.02,104515.92,Thermal Pad Gray 457.20mm x 228.60mm Rectangular Tacky - One Side,9987.71,457.2,228.6,
TP-0339,Thermal Pad,Bergquist Company,TGP 40000SF-0.100-00-0606,287601.3,279.4369,,40.0,2.54,36.0,"Thermal Interface Products GAP PAD, Sil-Free, 40W/m-K, 6x6"" Sheet, 0.100"" Thickness, Thermexit, IDH 2964639",10059.73,6.0,6.0,
TP-0340,Thermal Pad,Laird Technologies - Thermal Materials,A14428-01,201.4,0.1957,,3.0,5.08,52257.96,Thermal Pad Blue-Violet 228.60mm x 228.60mm Square Tacky - One Side,10225.8,228.6,228.6,
TP-0341,Thermal Pad,Bergquist Company,TGP6000ULM-0.080-12-0816,128.08,0.1244,,6.0,2.03,82580.48,"Thermal Interface Products GAP PAD, 6W/m-K, 8"" x 16"" Sheet, 0.080"" Thickness, TGP6000ULM, IDH 2195669",10276.83,203.2,406.4,
TP-0342,Thermal Pad,Bergquist Company,TGP10000ULM-0.060-02-0808,257.41,0.2501,,10.0,1.52,41290.24,"Thermal Interface Products GAP PAD, 10W/m-K, 8"" x 8"" Sheet, 0.060"" Thickness, TGP10000ULM, IDH 2591009",10326.88,203.2,203.2,
TP-0343,Thermal Pad,Bergquist Company,TGP40000SF-0.100-01-0606-NA,316349.34,307.3689,,40.0,2.67,36.0,"Thermal Interface Products GAP PAD, Sil-Free, 40W/m-K, 6 x 6"" Sheet, Tacky Pad, 0.105"" Thickness, Thermexit",11065.28,6.0,6.0,
TP-0344,Thermal Pad,Bergquist Company,2722289,278.43,0.2705,,12.0,2.03,41290.24,"Thermal Interface Products GAP PAD, 12 W/m-K, Ultra-Low Modulus, 8"" x 8"" Sheet, 0.080"" Thickness",11169.93,203.2,203.2,
TP-0345,Thermal Pad,t-Global Technology,TG-A1780-250-250-0.5,183.97,0.1787,,18.0,0.5,62500.0,Thermal Pad Gray 250.00mm x 250.00mm Square,11171.55,250.0,250.0,
TP-0346,Thermal Pad,t-Global Technology,TG-A1780-150-150-1.5,533.9,0.5187,,17.8,1.5,22500.0,Thermal Pad Gray 150.00mm x 150.00mm Square,11671.73,150.0,150.0,
TP-0347,Thermal Pad,Bergquist,2214846,147.17,0.143,,6.0,3.18,82580.48,Thermal Pad Gray 406.40mm x 203.20mm Rectangular Tacky - Both Sides,11808.23,406.4,203.2,
TP-0348,Thermal Pad,Bergquist Company,TGP 40000SF-0.125-00-0606,344818.63,335.03,,40.0,3.18,36.0,"Thermal Interface Products GAP PAD, Sil-Free, 40W/m-K, 6x6"" Sheet, 0.125"" Thickness, Thermexit, IDH 2964638",12061.08,6.0,6.0,
TP-0349,Thermal Pad,Leader Tech Inc.,TGF30SF-07870787-039,318.13,0.3091,,3.0,0.99,39960.01,Thermal Pad Gray 199.90mm x 199.90mm Square Tacky - Both Sides,12351.63,199.9,199.9,
TP-0350,Thermal Pad,Bergquist Company,TGP6000ULM-0.100-12-0816,157.23,0.1528,,6.0,2.54,82580.48,"Thermal Interface Products GAP PAD, 6W/m-K, 8"" x 16"" Sheet, 0.100"" Thickness, TGP6000ULM, IDH 2196912",12615.85,203.2,406.4,
TP-0351,Thermal Pad,Bergquist Company,TGP10000ULM-0.080-02-0808,315.96,0.307,,10.0,2.03,41290.24,"Thermal Interface Products GAP PAD, 10W/m-K, 8"" x 8"" Sheet, 0.080"" Thickness, TGP10000ULM, IDH 2591010",12675.65,203.2,203.2,
TP-0352,Thermal Pad,Bergquist Company,TGP40000SF-0.125-01-0606-NA,379290.26,368.5231,,40.0,3.18,36.0,"Thermal Interface Products GAP PAD, Sil-Free, 40W/m-K, 6 x 6"" Sheet, Tacky Pad, 0.125"" Thickness, Thermexit",13266.83,6.0,6.0,
TP-0353,Thermal Pad,Bergquist Company,2722290,342.0,0.3323,,12.0,2.54,41290.24,"Thermal Interface Products GAP PAD, 12 W/m-K, Ultra-Low Modulus, 8"" x 8"" Sheet, 0.100"" Thickness",13720.2,203.2,203.2,
TP-0354,Thermal Pad,t-Global Technology,TG-A1250-310-310-2.0,162.72,0.1581,,12.5,2.01,96100.0,Thermal Pad Green 310.00mm x 310.00mm Square,15193.75,310.0,310.0,
TP-0355,Thermal Pad,t-Global Technology,TG-A1780-150-150-2.0,698.59,0.6788,,17.8,2.01,22500.0,Thermal Pad Gray 150.00mm x 150.00mm Square,15272.08,150.0,150.0,
TP-0356,Thermal Pad,Bergquist Company,TGP6000ULM-0.125-12-0816,200.59,0.1949,,6.0,3.18,82580.48,"Thermal Interface Products GAP PAD, 6W/m-K, 8"" x 16"" Sheet, 0.125"" Thickness, TGP6000ULM, IDH 2214846",16094.98,203.2,406.4,
TP-0357,Thermal Pad,Bergquist Company,2722291,435.61,0.4232,,12.0,3.05,41290.24,"Thermal Interface Products GAP PAD, 12 W/m-K, Ultra-Low Modulus, 8"" x 8"" Sheet, 0.120"" Thickness",17475.9,203.2,203.2,
TP-0358,Thermal Pad,Bergquist Company,TGP12000ULM-0.100-00-0808,442.31,0.4298,,12.0,2.54,41290.24,"Thermal Interface Products GAP PAD, 12W/m-K, Ultra-Low Modulus, 8""x8"" Sheet, 0.100"" Thickness, TGP12000ULM",17744.68,203.2,203.2,
TP-0359,Thermal Pad,Bergquist Company,TGP12000ULM-0.125-00-0808,453.59,0.4407,,12.0,3.18,41290.24,"Thermal Interface Products GAP PAD, 12W/m-K, Ultra-Low Modulus, 8""x8"" Sheet, 0.125"" Thickness, TGP12000ULM",18197.08,203.2,203.2,
TP-0360,Thermal Pad,Laird Technologies - Thermal Materials,A17751-04,91.47,0.0889,,7.5,1.02,209031.84,Thermal Pad Gray 457.20mm x 457.20mm Square Tacky - Both Sides,18578.3,457.2,457.2,
TP-0361,Thermal Pad,Bergquist Company,2722292,471.75,0.4584,,12.0,3.56,41290.24,"Thermal Interface Products GAP PAD, 12 W/m-K, Ultra-Low Modulus, 8"" x 8"" Sheet, 0.140"" Thickness",18925.73,203.2,203.2,
TP-0362,Thermal Pad,Bergquist Company,TGP10000ULM-0.100-02-0808,478.76,0.4652,,10.0,2.54,41290.24,"Thermal Interface Products GAP PAD, 10W/m-K, 8"" x 8"" Sheet, 0.100"" Thickness, TGP10000ULM, IDH 2599712",19206.85,203.2,203.2,
TP-0363,Thermal Pad,Bergquist Company,TGP10000ULM-0.125-02-0808,527.01,0.512,,10.0,3.18,41290.24,"Thermal Interface Products GAP PAD, 10W/m-K, 8"" x 8"" Sheet, 0.125"" Thickness, TGP10000ULM, IDH 2599713",21142.55,203.2,203.2,
TP-0364,Thermal Pad,Bergquist Company,2722293,539.28,0.524,,12.0,4.06,41290.24,"Thermal Interface Products GAP PAD, 12 W/m-K, Ultra-Low Modulus, 8"" x 8"" Sheet, 0.160"" Thickness",21634.93,203.2,203.2,
